nummer;artiest;titel
1000;Slade;Merry Xmas everybody
999;Lady GaGa;Always remember us this way
998;Herbert Gr”nemeyer;Halt mich
997;De Dijk;Dansen op de vulkaan
996;Tino Martin;Zij weet het
995;De Dijk;Groot hart
994;Irene Wilkens & Sikkom Kult;As Julio gait zingen
993;Peter Schilling;Major Tom (v”llig losgel”st)
992;Zuver Scheerwol;Boeren on the move
991;Henk Wijngaard;Het zwarte asfalt
990;Andrea Bocelli & Giorgia;Vivo per lei
989;Jan Smit;Laura
988;Bl?f;Dansen aan zee
987;Les Poppys;Non non rien n'a chang‚
986;Frans Bauer;Op rode rozen vallen tranen
985;Jannie & Roelof Stalknecht;Laiverd kom weer bie mie
984;Fleetwood Mac;As long as you follow
983;Jan Henk de Groot;Evenwicht
982;Bert Hadders & De Nozems;Leste traain noar Knoal
981;Bruce Springsteen;Brilliant disguise
980;Erwin de Vries;Dit is Kerstmis
979;Michael Jackson;Thriller
978;Henk Wijngaard;Container song
977;Doe Maar;1 nacht alleen
976;Crosby, Stills, Nash & Young;Our house
975;Blues Brothers;Everybody needs somebody to love
974;Marlene Bakker;Genog veur mie
973;Herman van Veen;Hilversum III
972;Ilse DeLange;I'm not so tough
971;Mooi Wark;Bok 'm d'r op!
970;Bl?f;Liefs uit Londen
969;Lex Koopman;Genoadeloos
968;Boston;More than a feeling
967;Frans Bauer;Een dag uit duizend dromen
966;Alex Luttjeboer;Kerstfeest veur elk en ain
965;Doobie Brothers;Listen to the music
964;Andr‚ Hazes;Het laatste rondje
963;Irene Wilkens & Sikkom Kult;Langzoam neergoan
962;Queen;Crazy little thing called love
961;Gary Moore;Still got the blues
960;Boetenbaintjes;H‚ wel bennen joe?
959;Fleetwood Mac;Need your love so bad
958;De Pompers;Trots van het Noorden
957;The Rolling Stones;As tears go by
956;Mud;Tigerfeet
955;Erwin de Vries;Wie
954;Blue Diamonds;Ramona
953;David Bowie;Let's dance
952;De Erkende Verhuizers;De echo
951;Aphrodite's Child;Rain and tears
950;Peter Schaap;Vliegen als een vogel
949;Lady Gaga & Bruno Mars;Die with a smile
948;Fries Wolma & Hennie Dolsma;Wie zingen t zulfde laid
947;Toontje Lager;Stiekem gedanst
946;ABBA;Voulez-vous
945;Dieptriest;Ain Pronkjewail
944;Herman Brood & His Wild Romance;Rock & roll junkie
943;Corry & De Rekels;Huilen is voor jou te laat
942;Elvis Presley;Return to sender
941;Bruce Springsteen;Human touch
940;Wia Buze;As t snijt in Termunten
939;Acda en de Munnik;Morgen wordt fantastisch
938;Herbert Gr”nemeyer;Der Weg
937;Imca Marina;Viva Espana
936;Jan Henk de Groot;Wies mit die
935;Nirvana;Come as you are
934;Andr‚ Hazes;'n Vriend
933;Queen;Radio ga ga
932;Creedence Clearwater Revival;Long as I can see the light
931;Kevin Par‚;Zaterdag
930;Di-Rect;OMG it`s happening
929;Depeche Mode;Enjoy the silence
928;Alex Vissering;Ik loop
927;Lou Reed;Perfect day
926;ABBA;Does your mother know
925;Stef Ekkel;De woonboot
924;VanDelden;Lekker miezulf
923;Marco Borsato;Dromen zijn bedrog
922;Coldplay;Paradise
921;De Stroatklinkers;Blief nog even zitten
920;BZN;Rockin' the trolls
919;Charles Aznavour;Yesterday when I was young
918;Johnny Cash;Folsom prison blues
917;Dolly Parton;9 to 5
916;Eddy Koekkoek;Kerstmis in Groningen
915;Andr‚ Rieu;Strauss party
914;Nazareth;Love hurts
913;Elvis Presley;Jailhouse rock
912;Ren‚ Beverwijk;Loat mor goan
911;Queen;Who wants to live forever
910;Men At Work;Down under
909;Erwin de Vries;Nooit meer met ons baaid
908;Fleetwood Mac;Dreams
907;P‚ Daalemmer & Rooie Rinus;Afscheidslied (Loeks)
906;Doe Maar;Is dit alles
905;Phil Collins;Against all odds (take a look at me now)
904;Wia Buze;Dou mor gewoon
903;Creedence Clearwater Revival;Cotton fields
902;De Dijk;Niemand in de stad
901;ABBA;S.O.S.
900;Crosby, Stills, Nash & Young;Teach your children
899;Fischer Z;So long
898;Ede Staal;Hear my song
897;Acda en de Munnik;Niet of nooit geweest
896;Kate Bush;Running up that hill
895;Andr‚ Hazes;Voor mij geen slingers aan de wand
894;Joe Cocker;You are so beautiful
893;Dr. Hook & The Medicine Show;Sylvia's mother
892;Gerard de Vries;Giddy up go
891;Queen;You're my best friend
890;Johan Raspe;Ik goa mien aigen weg
889;The Police;Every breath you take
888;David Bowie;Space oddity
887;Peter Koelewijn;Kom van dat dak af
886;Stad;Tied verdrieven
885;Jan Henk de Groot;101 Dalmatiners
884;The Hollies;He ain't heavy he's my brother
883;Rob de Nijs;Zonder jou
882;Elvis Presley;It's now or never
881;Di-Rect;Through the looking glass
880;Harry Niehof;Kom gaauw
879;Suzan & Freek;Honderd keer
878;Kraftwerk;Autobahn
877;Marlene Bakker;Heufd as helm
876;Pink;What about us
875;Dani‰l Lohues;De wereld in de zunne
874;The Dubliners;Whiskey in the jar
873;Het Sneeuwbaltrio;Ik heur de blues
872;BZN;Banjo man
871;Henk Wijngaard;Meissie meissie
870;Chris de Roo;Als ik er morgen niet meer ben
869;De Stroatklinkers;Der bennen veul mooie wichter in Grunnen
868;U2;Beautiful day
867;Guus Meeuwis;Dat komt door jou
866;Carpenters;Top of the world
865;Moody Blues;Question
864;Lucas & Gea Hulshof;Dan gaan de lichten aan
863;The Rolling Stones;It's all over now
862;Henk Wijngaard;18 wielen
861;Mariah Carey;All I want for Christmas is you
860;Will Stevens;Schreven in n boom
859;Doe Maar;Smoorverliefd
858;Oasis;Wonderwall
857;Eric Clapton;Wonderful tonight
856;The Rolling Stones;Brown sugar
855;Johan & Henk;Geloof, hoop en liefde
854;Heart;Alone
853;UB40;Can't help falling in love with you
852;Simple Minds;Belfast child
851;Henk Wijngaard;Ik heb m'n wagen volgeladen
850;Foreigner;I want to know what love is
849;Het Goede Doel;Alles geprobeerd
848;10 CC;The Wall Street shuffle
847;Marlene Bakker;Nijjoar
846;The Cats;Why
845;Doe Maar;Belle HelŠne
844;Lucas & Gea;Als je nog steeds van me houdt
843;Teddy Swims;The door
842;Bert Hadders & De Swinders;As zai mor altied bie mie blift
841;The Rolling Stones;Gimme shelter
840;Leonard Cohen;Take this waltz
839;Harry Niehof;Van Middelsom noar Madrid
838;Bon Jovi;Always
837;Adele;Set fire to the rain
836;Jimi Hendrix;Hey Joe
835;Steernvanger;Het zel weer veurjoar worden
834;Enya;Orinoco flow
833;The Cranberries;Zombie
832;ABBA;Lay all your love on me
831;Wia Buze;De dag woarop dien moeke staarft
830;Van Morrison;Brown eyed girl
829;Burdy;Acropolis Adieu
828;Venice;The family tree
827;Wat Aans! & Michael Hoppentocht;Proat toch Grunnegs met mie
826;George Baker Selection;Little green bag
825;Kansas;Dust in the wind
824;Frans Bauer;Bij ieder afscheid valt een traan
823;U2;Pride
822;De Troebadoers;Niks aan de kop
821;Wings;Mull of Kintyre
820;De Dijk;Binnen zonder kloppen
819;Otis Redding;(Sittin' on) The dock of the bay
818;Eddy Koekkoek;Zalstoe altied bie mie blieven
817;Johnny Cash;I walk the line
816;Phil Collins;Another day in paradise
815;Freddy Fender;Before the next teardrop falls
814;Voorheen De Bende & Pazzipanten;Drij cowboys
813;Frank Sinatra;My way
812;Teddy Swims;Lose control
811;Ultravox;Vienna
810;Harry Niehof;Welkom wichtje
809;Bruce Springsteen;Badlands
808;Kraantje Pappie feat. Joshua Nolet;Liefde in de lucht
807;Marlene Bakker;Kloarwakker
806;Coldplay feat. Avicii;A sky full of stars
805;Elvis Presley;Are you lonesome tonight
804;Erwin & Deborah;Sterren in mijn nacht
803;Douwe Bob;I believe
802;Ren‚ Becker;Als een komeet
801;Bert Hadders & De Nozems;Volluk!
800;Eagles;Tequila sunrise
799;Jannes;Dam dam
798;De Bende van Baflo Bill;Koffie in de wind
797;Paul Simon;Graceland
796;Erwin de Vries;Dicht tegen mie aan
795;Jannes;Meer dan 'n vriend
794;Wat Aans!;Bingo
793;The Beatles;Blackbird
792;Harry Niehof & Los Bomberos;Cuba blues
791;Mannekoor Karrespoor;Mooi man
790;ABBA;Super trouper
789;Robert Long;Kalverliefde
788;Blondie;Denis
787;Demis Roussos;My friend the wind
786;Wat Aans!;Van Noord 2
785;Fleetwood Mac;Everywhere
784;Suzan & Freek;Goud
783;B‚ Schmaal;Opa
782;Queen & George Michael;Somebody to love
781;Erwin de Vries;Bemui die
780;Burdy;M'n vriend
779;Alex Luttjeboer;Zunne op de kop
778;Johnny Cash;San Quentin
777;Marlene Bakker;Golven
776;Meat Loaf;I'd do anything for love
775;Irene Wilkens & Sikkom Kult;Wat west is
774;Claudia de Breij & Waylon;Mis je zo graag
773;Billy Joel;Goodnight Saigon
772;Mooi Wark;Van het platteland
771;The Beatles;Here comes the sun
770;Henk Wijngaard;Beun de beunhaas
769;De Troebadoers;Noar hoes
768;Eagles;Take it easy
767;Bert Hadders & De Nozems;Woar blift de zummer?
766;Erwin de Vries;Blief nou
765;Simon & Garfunkel;Mrs. Robinson
764;Nick & Simon;Kijk omhoog
763;De Stroatklinkers;As t boeten st”rmt
762;ABBA;Gimme! Gimme! Gimme!
761;Rob de Nijs;Zet een kaars voor je raam
760;Edwin Jongedijk;Astoe hier noast mie ligst
759;Joe Cocker;Unchain my heart
758;Benny Neyman;Vrijgezel
757;Krzysztof Groen;Noar de volgende ronde
756;Scorpions;Wind of change
755;Wia Buze;Doe heurst hier bie mie
754;Queen;We are the champions
753;Erwin de Vries;Ik ben de man
752;Metejoor & Hannah Mae;Wat wil je van mij
751;Toto;Rosanna
750;Rita Hovink;Laat me alleen
749;Bee Gees;Words
748;Het Goede Doel;Vriendschap
747;Band Aid;Do they know it's Christmas?
746;Doe Maar;Sinds 1 dag of 2 (32 jaar)
745;Kensington;Uncharted
744;B‚ Schmaal;Loater
743;The Common Linnets;Calm after the storm
742;Ren‚ Karst & Stef Ekkel;Liever te dik in de kist
741;De Stroatklinkers;Dr binnen veul mooie wichter in Grunnen
740;Bon Jovi;Livin' on a prayer
739;Ennio Morricone;Once upon a time in the west
738;Diggy Dex feat. JW Roy;Treur niet (ode aan het leven)
737;Racoon;Love you more
736;Guus Meeuwis;Tranen gelachen
735;Rob de Nijs;Malle Babbe
734;Eagles;New kid in town
733;Jan Henk de Groot & Marlene Bakker;Noeit meer missen
732;Harry Niehof & Los Bomberos;Grunnen leeft
731;Orchestral Manoeuvres in the Dark;Maid of Orleans
730;Dik Fabree;Kolle vouten
729;Splitsing;Wind en zeilen
728;Johan Raspe;Siene Praai
727;Queen & David Bowie;Under pressure
726;Boetenbaintjes;Achter roomse kerk
725;De Dijk;Mag het licht uit
724;Fats Domino;Blueberry hill
723;Frans Bauer & Marianne Weber;De regenboog
722;The Scene;Iedereen is van de wereld
721;Juliane Werding;Geh' nicht in die Stadt (heut' Nacht)
720;Normaal;Net as gisteren
719;Wat Aans!;Bie Vindicat
718;Pearl Jam;Alive
717;Jan Henk de Groot;Massey Ferguson
716;Bob Heidema;Rondje Grunnen
715;ABBA;Knowing me, knowing you
714;U2;Where the streets have no name
713;Nena & Kim Wilde;Anyplace, anywhere, anytime
712;Steernvanger;Loat moar zitten die snei
711;Erwin de Vries;Boer en ondernemer
710;Edith Piaf;Non je ne regrette rien
709;Bon Jovi;It's my life
708;Het Goede Doel;Belgi‰ (is er leven op Pluto...?)
707;Janis Joplin;Mercedes Benz
706;Ede Staal;When the waves are too high
705;Andr‚ Hazes;'n Beetje verliefd
704;Lucifer;House for sale
703;Hannah Mae & Maksim;Ik wil dat je liegt
702;Freddy Quinn;Junge komm bald wieder
701;Robert van Hemert;Zoet, zout, zuur
700;Waylon & Jan Smit;Tussen jou en mij
699;Elton John;Circle of life
698;B‚ Schmaal;Zunder muite gait t nait
697;Irene Wilkens & Suze;Ongeoorloofde gedachten
696;Suzan & Freek;Blauwe dag
695;Wat Aans!;Woisjawel!
694;De Kast;Hart van mijn gevoel
693;Bee Gees;Stayin' alive
692;Erwin de Vries;Tussen Schanse en Stad
691;Wia Buze & Erwin de Vries;Ol Grait
690;Queen;Killer queen
689;Karin Bloemen;Geen kind meer
688;De Tuutjefloiters;Ik hol van mien laand
687;Ede Staal;Grunnegers veur gevorderden
686;Neil Diamond;I am... I said
685;Bram Vermeulen;De steen
684;Rob de Nijs;Ritme van de regen
683;Normaal;Mama woar is mien pils
682;Queen;Thank god it's Christmas
681;Frans Halsema & Jenny Arean;Vluchten kan niet meer
680;Cuby & The Blizzards;Another day, another road
679;Dolly Parton;I will always love you
678;Eagles;One of these nights
677;Stad;Beter as gewoon
676;The Kinks;Lola
675;Queen;Innuendo
674;Jetta Post & Maggelan Singers;Deur weer en wind mien stad
673;Within Temptation;Ice queen
672;Johnny Cash;A boy named Sue
671;Wat Aans!;Half stront, half reeg'nwotter
670;Meat Loaf;You took the words right out of my mouth
669;Frans Bauer;Heb je even voor mij
668;Erwin de Vries;Dicht bie mie
667;Simon & Garfunkel;Cecilia
666;Arno van der Heyden;Schoapen
665;Wia Buze;Doe heurst bie mie
664;P‚ Daalemmer & Rooie Rinus;Zo ain as doe
663;Neil Young;Heart of gold
662;Coldplay;Christmas lights
661;De Tuutjefloiters;Veul zegen
660;The Cats;Vaya con dios
659;Johnny Cash;A thing called love
658;Cat Stevens;Morning has broken
657;Henk Wijngaard;Kijk uit hier ben ik
656;The Hollies;The air that I breathe
655;Queen;The show must go on
654;P‚ Daalemmer & Rooie Rinus;Jochem
653;Tom Jones;Green green grass of home
652;Supertramp;School
651;Daisz;Wat wil je echt
650;Drukwerk;Je loog tegen mij
649;B‚ Schmaal;Regenpak
648;Ike & Tina Turner;River deep mountain high
647;Jan Henk de Groot;Spiekerboor
646;Burdy;Rosalita, ik ben verliefd
645;Nick & Simon;De soldaat
644;Fleetwood Mac;Don't stop
643;De Stroatklinkers;Meneer van de belasten
642;Voorheen De Bende & Pazzipanten;Grunneger bloarkop (boer kaist kou)
641;Dani‰l Lohues;Annelie
640;BZN;The old Calahan
639;De Dijk;Bloedend hart
638;Alje van Bolhuis;Jong van Bolhoes
637;Kayak;Ruthless queen
636;Armand;Ben ik te min
635;Golden Earring;Going to the run
634;De Tuutjefloiters;Twij recht en twij noadjes
633;John Denver;Leaving on a jet plane
632;Lianne Abeln;Groningen, Grunnen mien stad
631;Burdy;Goodbye Eloisa
630;Percy Sledge;When a man loves a woman
629;Eagles;Lyin' eyes
628;The Righteous Brothers;Unchained melody
627;Corry Konings;Mooi was die tijd
626;Yves Berendse feat. Emma Heesters;Alleen met jou
625;Golden Earring;Long blond animal
624;Robert Long & Simone Kleinsma;Vanmorgen vloog ze nog
623;P‚ Daalemmer & Rooie Rinus;Gezina
622;Fox the Fox;Precious little diamond
621;Marlene Bakker;Doe waist beter
620;The Beach Boys;God only knows
619;Erwin de Vries;Nije m”rn
618;Swinder;Twijde Hans
617;Dani‰l Lohues;Allennig
616;Guns n' Roses;Paradise city
615;Guus Meeuwis & Vagant;Het is een nacht... (levensecht)
614;P‚ Daalemmer & Rooie Rinus;Worst
613;Ed Sheeran;Perfect
612;Simone Kleinsma & Paul de Leeuw;Zonder jou
611;Bee Gees;Tragedy
610;Andr‚ Hazes;Zeg maar niets meer
609;Joe Cocker;With a little help from my friends
608;Herman van Veen;Anne
607;R.E.M.;Everybody hurts
606;Chris de Burgh;Lady in red
605;Driefzand;Doagen as dizze
604;The Cats;Let's dance
603;Boudewijn de Groot;Een meisje van zestien
602;Brontsema & Staal;Neem me mee
601;Burdy;Hey FC Groningen
600;Meau;Stukje van mij
599;Alex Vissering;As ik thoes kom
598;Willie Nelson;Always on my mind
597;Daisz;Wat als ik zeg
596;Led Zeppelin;Whole lotta love
595;Marlene Bakker;Zo-as beloofd
594;Steernvanger;Vandoage komt
593;Coldplay;Clocks
592;B‚ Schmaal;Woorden zeggen nait alles
591;Plat;Zuurkool
590;Gerry & The Pacemakers;You'll never walk alone
589;Harry Niehof;Caf‚ op Driefklaai
588;Ancora;Hoog in 't Noorden
587;Bryan Adams;(Everything I do) I do it for you
586;I.O.S.;Altied wel aine
585;Abel;Onderweg
584;Status Quo;Down down
583;Wat Aans!;Ik ben een G
582;Nick & Simon;Pak maar m'n hand
581;Jannes;Van Casablanca naar Napoli
580;The Shadows;Apache
579;Burdy;Bring mie thoes Waddenzee
578;Marlene Bakker;Astoe t zain haarst
577;Henk Wijngaard;Ik heb 'n truck als m'n woning
576;Sijtse Scheeringa;Bloumen mien laive schat
575;Clouseau;Daar gaat ze
574;Mud;Lonely this Christmas
573;Jan Henk de Groot;De drij van Woudbloem
572;Alphaville;Forever young
571;Erwin de Vries;Zummer in Oost Grunnen
570;Golden Earring;Back home
569;Steernvanger;15 joar
568;Queen;Don't stop me now
567;Wat Aans!;Mien poedie
566;Bob Dylan;Blowin' in the wind
565;Alex Vissering;Hoeln as n wolf
564;Son Mieux;Tonight
563;Lucas & Gea Hulshof;Als ik die wat vroag
562;Twarres;Wˆr bisto
561;The Amazing Stroopwafels;Oude Maasweg
560;Edwin Jongedijk & Irene Wilkens;Doe mist hier haildaal niks
559;Harry Niehof;Beloofde laand
558;Neil Diamond;Beautiful noise
557;Erwin de Vries;De tocht van de noakende zunderling
556;Deheleboel;Mis die zo
555;Simon & Garfunkel;The boxer
554;Burdy;Kiender van de eerde
553;ABBA;One of us
552;Alex Vissering;Hoaven van Delfziel
551;Golden Earring;Just a little bit of peace in my heart
550;Bruce Springsteen;I'm on fire
549;Stad;Wilma met de honden
548;Goldband;Noodgeval
547;Erwin de Vries;Veenkolonioal
546;Rob de Nijs;Wat als later nu is
545;Lady GaGa & Bradley Cooper;Shallow
544;Skik;'t Giet zoas 't giet
543;De Tuutjefloiters;Harregat
542;Falco;Jeanny (part 1)
541;Kate Bush;Wuthering heights
540;Doe Maar;De bom
539;Sin‚ad O'Connor;Nothing compares 2u
538;Ede Staal;Grunnegers veur begunners
537;Van Halen;Jump
536;De Dijk;Als ze er niet is
535;Erwin de Vries;Komt weer goud
534;The Rolling Stones;Sympathy for the devil
533;Boudewijn de Groot;Als de rook om je hoofd is verdwenen
532;Alex Vissering;Dollard
531;Dire Straits;Money for nothing
530;The Cats;Times were when
529;Tiktok Tammo;n Mindere dag din guster
528;Amy Winehouse;Back to black
527;Creedence Clearwater Revival;Suzie Q.
526;Wia Buze;Weerom noar Ziel
525;Harry Niehof;Zo laif
524;Elvis Presley;Can't help falling in love
523;Jan Henk de Groot;Sapmeer
522;Racoon;Het is al laat toch
521;Erwin de Vries & Davine;Mooie minsen
520;Kiss;I was made for loving you
519;Leonard Cohen;Suzanne
518;Mooi Wark;Schijt aan regels
517;Fleetwood Mac;Albatross
516;3Js;Wiegelied
515;Art Garfunkel;Bright eyes
514;Drafi Deutscher;Marmor, Stein und Eisen bricht
513;Tiktok Tammo;Geef mie dien blues (live)
512;Frank Boeijen Groep;Kronenburg park
511;Jeroen Russchen;Zunnebril
510;Eagles;The last resort
509;UB40;Kingston town
508;De Troebadoers;In de nacht
507;Lucas & Gea Hulshof;Kristall der Heimat
506;U2;One
505;Acda en de Munnik;Het regent zonnestralen
504;Pussycat;Mississippi
503;Kamahl;The elephant song
502;The Scene;Blauw
501;Bob Marley & The Wailers;No woman no cry
500;Dutch Boys;Boer Harms
499;Status Quo;Rockin' all over the world
498;TikTok Tammo;Lente in Grunnen
497;The Alan Parsons Project;Old and wise
496;Andr‚ van Duin;Als de zon schijnt
495;Ramses Shaffy;Zing vecht huil bid lach werk en bewonder
494;Johnny Cash;Hurt
493;Wia Buze;Kop der veur
492;John Denver;Thank God I'm a country boy
491;Irene Wilkens & Sikkom Kult;Hol die vast
490;Youp van 't Hek;Flappie
489;Adele;Make you feel my love
488;Jan Smit;Als de nacht verdwijnt
487;Marco Borsato;Afscheid nemen bestaat niet
486;Tina Turner & David Bowie;Tonight
485;Europe;The final countdown
484;Wia Buze;Doe bist mien zunneschien
483;John Denver;Annie's song
482;The Cure;A forest
481;Erwin de Vries;Muntendam
480;Vicky Brown & New London Chorale;Stay with me 'till the morning
479;Chris Rea;Driving home for Christmas
478;Kraantje Pappie;Lil Craney
477;Andr‚ Hazes & Paul de Leeuw;Droomland
476;Creedence Clearwater Revival;Down on the corner
475;Henk Wijngaard;Mien Grunninger laand
474;10 CC;Dreadlock holiday
473;Janis Joplin;Me and Bobby McGee
472;The Rolling Stones;You can't always get what you want
471;Frans Bauer;Als sterren aan de hemel staan
470;Cuby & The Blizzards;Somebody will know someday
469;Queen;We will rock you
468;Bl?f;Zo stil
467;Bee Gees;Don't forget to remember
466;Wia Buze;Blief bie mie tot de m”rgen
465;Anouk;Nobody's wife
464;Shocking Blue;Venus
463;Frans Halsema;Voor haar
462;The Cats;Scarlet ribbons
461;U2;Sunday bloody sunday
460;Henk Wijngaard;Ik moet nog wat jaren mee
459;Rod Stewart;Sailing
458;Wat Aans!;Van Noord 1
457;Tina Turner;Private dancer
456;Jan Henk de Groot;Kikker in de kelder
455;TikTok Tammo;Bietn feest
454;Dire Straits;Telegraph Road
453;Josien Bakker;Ritme
452;B‚ Schmaal & Krzysztof Groen;Ik zing
451;Meau;Dat heb jij gedaan
450;Electric Light Orchestra;Mr. Blue Sky
449;Ede Staal;Aans as aans
448;Adele;Hello
447;Erwin de Vries;Prachteg Grunnen
446;Boudewijn de Groot;Land van Maas en Waal
445;Steernvanger;Allain
444;Stef Bos;Is dit nu later
443;Marlene Bakker;Het Hoogelaand
442;U2;With or without you
441;Henk Wijngaard;De stoere jongens uut t Noorden
440;Leonard Cohen;So long Marianne
439;Burdy & Vrienden;Daar zijn we vrienden voor
438;Bl?f;Harder dan ik hebben kan
437;Henk Westbroek;Zelfs je naam is mooi
436;David Bowie;Heroes
435;Voorheen De Bende & Pazzipanten;Traainconducteur
434;Boetenbaintjes;Muziek deur d”rp
433;Meat Loaf;Bat out of hell
432;Normaal;De boer is troef
431;Stad;Knikkers
430;Marianne Rosenberg;Ich bin wie Du
429;B‚ Schmaal & Krzysztof Groen;Kom mor op
428;Elton John;Nikita
427;Wat Aans!;Batterij
426;U2;I still haven't found what I'm looking for
425;Rob de Nijs;Zo zal het zijn
424;Robbie Williams;Angels
423;Henk Wijngaard;Doe bist mien speklap, mien laiverd
422;John Denver;Calypso
421;Dani‰l Lohues;Baat bij muziek
420;Alex Vissering;Het fait
419;ABBA;Mamma mia
418;Hail Gewoon;Vrumde gast
417;Deep Purple;Smoke on the water
416;Dana Winner;Geef de kinderen de wereld
415;Steernvanger;La la laifde
414;Elvis Presley;Love me tender
413;Jaap Reesema;Alles komt goed
412;Hannah Mae;Waterdicht
411;Bee Gees;How deep is your love
410;Bl?f;Aan de kust
409;Jannes;Huilen doe ik wel alleen
408;Davina Michelle;Duurt te lang
407;Evert Baptist;La la la gehaktbal
406;Marlene Bakker & Noordpool Orkest;Wondern van mien stee
405;Eric Clapton;Tears in heaven
404;Harrie Poeste & Trio Put;Ain twai drai (t gait om de neukerai)
403;Anita Meyer;Why tell me why
402;Edwin Jongedijk;Oadem mien oadem
401;Henk Wijngaard;H‚ Suzie
400;Normaal;Alie
399;Bette Midler;The rose
398;Boudewijn de Groot;Welterusten mijnheer de president
397;Marco Schuitmaker;Beter af alleen
396;Krezip & Danny Vera;Make it a memory
395;Dutch Boys;America en Oude Pekela
394;Guns n' Roses;Knockin' on heaven's door
393;Swinder;Ik zai Pekel nooit weer
392;Jannes;Laat de zon maar schijnen
391;Adele;Someone like you
390;P‚ Dalo & Rini Rosso;Italioanen
389;Ike & Tina Turner;Proud Mary
388;The Rolling Stones;(I can't get no) Satisfaction
387;Jan Henk de Groot;Stiltecoupe
386;ABBA;The day before you came
385;Vader Abraham;In 't kleine caf‚ aan de haven
384;Queen;I want to break free
383;Elvis Presley;My boy
382;Johan Raspe;Moi
381;The Cats;Marian
380;Joost;Europapa
379;Bee Gees;Massachusetts
378;Henk Wijngaard & Bernardine Waterloo;Mijn Groningen
377;Dani‰l Lohues;Op 't platteland
376;Cuby & The Blizzards;Appleknockers Flophouse
375;Elton John;Candle in the wind
374;Omt•ch;Kapsones
373;ABBA;Fernando
372;Steernvanger;Het mooiste wat ik ooit zag
371;Bruce Springsteen;Streets of Philadelphia
370;Dolly Parton;Jolene
369;Marlene Bakker;Oaventuren
368;Queen;Somebody to love
367;Wia Buze & Jasper Wever;As ik denk aan die
366;Marco Borsato;Dochters
365;Lucas & Gea Hulshof;De waarheid
364;ZZ Top;Gimme all your lovin'
363;Dana Winner;Westenwind
362;Ede Staal;I'm in the blues
361;Son Mieux;Multicolor
360;Edwin Jongedijk;Mien d”rp
359;Jan Smit;Als de morgen is gekomen
358;Status Quo;Roll over lay down
357;Steernvanger;Steernvanger
356;Danny Vera;Pressure makes diamonds
355;Jannes;Een beetje meer
354;Jan Henk de Groot;Bonney
353;ABBA;Eagle
352;Frans Duijts;Jij denkt maar dat je alles mag van mij
351;Harry Niehof;Pure laifde
350;Bryan Adams;Summer of '69
349;Boudewijn de Groot;Jimmy (hoe sterk is de eenzame fietser)
348;Marlene Bakker;Stain
347;Pink Floyd;Shine on you crazy diamond
346;Jan Henk de Groot;Fiene
345;Jaap Reesema & Pommelien Thijs;Nu wij niet meer praten
344;ABBA;Chiquitita
343;Wat Aans!;Metworst
342;Steernvanger;Alle beren aan de kaant
341;Andr‚ Hazes Jr.;Leef
340;Adele;Skyfall
339;Irene Wilkens & Sikkom Kult;Nog ainmoal daanzen mit die
338;Guus Meeuwis;Geef mij je angst
337;Wat Aans!;Home
336;The Rolling Stones;Paint it black
335;Jannes;Laat me vrij
334;Andr‚ Rieu;The second waltz
333;Klaas Spekken;Takken in de wind
332;Creedence Clearwater Revival;Proud Mary
331;Andr‚ Hazes;Zij gelooft in mij
330;Burdy;Kom kus mie
329;Kraantje Pappie;Feesttent
328;Metallica;One
327;Hail Gewoon;Nana neusbeer
326;ABBA;Waterloo
325;Steernvanger;Al groot
324;Phil Collins;In the air tonight
323;Tino Martin & Mart Hoogkamer;Hartslag van de stad
322;Simon & Garfunkel;El Condor pasa
321;P‚ & Rinus;Consternoatie in de familie
320;Coldplay;Viva la vida
319;Harry Niehof;Grunnen beeft
318;Dani‰l Lohues;Aoardig doen tegen mensen die niet aordig doen
317;Andr‚ Hazes;Geef mij je angst
316;Vangelis;Conquest of paradise
315;De Troebadoers;Oma Siepelsju
314;Diverse Groninger Artiesten;As vaaier woorden
313;Golden Earring;Another 45 miles
312;Ede Staal;Sloaperstil
311;Driefzand feat. Irene Wilkens;Lammerburen
310;Pink Floyd;Comfortably numb
309;Suzan & Freek;Als het avond is
308;Erwin de Vries;Ooit
307;Kensington;Sorry
306;Edwin Jongedijk;Astoe aan mie denkst
305;Ancora;Vrij als de wind
304;Coldplay;Feelslikeimfallinginlove
303;Burdy;Ik hol van Grunnen
302;Steernvanger;Vrij
301;Bruce Springsteen;Born to run
300;Alex Vissering;Haarfst in Westerwolde
299;De Kast;In nije dei
298;ABBA;Happy new year
297;Marlene Bakker;As t boeten st”rmt
296;Boudewijn de Groot;Verdronken vlinder
295;Dire Straits;Private investigations
294;Wham!;Last Christmas
293;P‚ Daalemmer & Rooie Rinus;Gehaktbal mit rooie kool
292;De Wuko's;De ijsbeer van het Noorden
291;Kenny Rogers & Dolly Parton;Islands in the stream
290;Erwin de Vries;Mien laid
289;Jan Henk de Groot;Dubbel cassettedeck
288;Status Quo;Whatever you want
287;De Stroatklinkers;In Haarkstee staait gain kroug
286;Wia Buze;Blief nog even
285;Herman Brood;Never be clever
284;Martijn van der Zande;Kade van Nes
283;Tina Turner;The best
282;B‚ Schmaal;Ik liek zoveul op die
281;Wat Aans!;Carnaval in t Noorden
280;Bon Jovi;Bed of roses
279;Deheleboel;Op fietse deur Grunnen
278;The Beatles;Hey Jude
277;Adele;Rolling in the deep
276;Henk Wijngaard;'n Sneeuwwitte bruidsjurk
275;P‚ Daalemmer & Rooie Rinus;De plattelandsvrouwen
274;Matthias Reim;Verdammt ich lieb' dich
273;Erwin de Vries;Tik tok dans mit mie
272;Irene Wilkens & Martin Blok;Schrai mor nait mien laif
271;BZN;Mon amour
270;Marlene Bakker;Zolaank
269;Disturbed;The sound of silence
268;Het Sneeuwbaltrio;Ad‚, m'n kleine Paloma
267;Wia Buze;Grunnens laid
266;Peter Fox;Haus am See
265;Erwin de Vries;Hou mout dat nou
264;TikTok Tammo;Samen naar de Euroborg
263;Freddy Mercury & Montserrat Caball‚;Barcelona
262;George Baker Selection;Paloma blanca
261;De Troebadoers;Kon t aaltied mor zo blieven
260;Burdy;Op de riksja deur Grunnen
259;Toto;Africa
258;Klaas Spekken;Laand woar ik bin geboren
257;Arnold Veeman & Noordpool Orkest;Mien Grunneger Stad
256;Bruce Springsteen;Glory days
255;Deheleboel;Broodje shoarma
254;Alje van Bolhuis & Wia Buze;As ik denk an die
253;Boney M;Rivers of Babylon
252;New Adventures;Come on
251;Ede Staal;Zo mouvve t holn
250;Andrea Bocelli & Sarah Brightman;Time to say goodbye (con te partiro)
249;Wia Buze;Lydia
248;Guns n' Roses;Sweet child o'mine
247;ABBA;Thank you for the music
246;Burdy;De hypnotiseur
245;Ramses Shaffy;Laat me
244;Jan Henk de Groot;Opa kin alles
243;Creedence Clearwater Revival;I put a spell on you
242;Wat Aans!;Uut Grunn
241;Peter Schaap;Adem mijn adem
240;TikTok Tammo;Free the bietn
239;Elvis Presley;Always on my mind
238;Jaap Reesema;Grijs
237;Boudewijn de Groot;De vondeling van Ameland
236;The Doors;Riders on the storm
235;The Beatles;Yesterday
234;UB40;Red red wine
233;Liesbeth List & Ramses Shaffy;Pastorale
232;Jan Smit & 3Js;(Die man is) Verliefd
231;Golden Earring;Twilight zone
230;Benny Neyman;Waarom fluister ik je naam nog
229;Moody Blues;Nights in white satin
228;Jan Henk de Groot;Hoeske aan de Krommewiek
227;John Miles;Music
226;Elvis Presley;Suspicious minds
225;Bruce Springsteen;Tougher than the rest
224;Marlene Bakker;Raif
223;Guus Meeuwis;Brabant
222;Bruce Springsteen;Born in the USA
221;Elvis Presley;In the ghetto
220;Daisz;Laat ze maar denken
219;The Animals;House of the rising sun
218;Olaf Vos;Aaierbaal
217;Racoon;Oceaan
216;Pink Floyd;Another brick in the wall
215;Johnny Cash;Ring of fire
214;De Specials;FC Groningen, laat ons weer eens juichen!
213;Dire Straits;Walk of life
212;Dani‰l Lohues;Elk mens die hef zich 'n kruus te dragen
211;Golden Earring;When the lady smiles
210;The Javelins & P‚ en Rinus;Weerom noar de sixties
209;Prince & The Revolution;Purple rain
208;Hail Gewoon;Soep, vlees en pudding
207;Bruce Springsteen;Dancing in the dark
206;Nena;99 Luftballons
205;Irene Wilkens & Edwin Jongedijk & Sikkom Kult;Zundagskind
204;Floor Jansen & Henk Poort;Phantom of the opera
203;The Beatles;Let it be
202;Johan Raspe;Sapmeer is aans
201;Rob de Nijs;Banger hart
200;Piet Veerman;Sailin' home
199;De Tuutjefloiters;In t fluustern van de wind
198;Bl?f feat. Geike Arnaert;Zoutelande
197;Eagles;Desperado
196;P‚ Daalemmer & Rooie Rinus;Hee doe (live)
195;Jannes;Ga dan
194;Rammstein;Engel
193;Lucas & Gea Hulshof;Ik zal dansen op je bruiloft
192;Bruce Springsteen;My hometown
191;Mooi Wark;In de blote kont
190;Josien Bakker;Mien Westerwolde
189;Van Dik Hout;Stil in mij
188;Edwin Jongedijk & Marlene Bakker;Ofschaaid
187;Voorheen De Bende;Heracliden oet
186;Queen;Love of my life
185;Swinder;Noar Stad
184;Rob de Nijs;Het werd zomer
183;P‚ Daalemmer & Rooie Rinus;Lopster toren
182;Klein Orkest;Over de muur
181;Wat Aans! feat. Wia Buze;Grunnegs hoop
180;P‚ Daalemmer & Rooie Rinus;Schiermonnikoog
179;Mooi Wark;Warkende helden
178;Deheleboel;Winkeln in Winschoten
177;Dire Straits;Sultans of swing
176;Erwin de Vries;Mis die
175;Neil Diamond;Sweet Caroline
174;Boudewijn de Groot;Testament
173;Jannes;Ga maar weg
172;B‚ Schmaal;Zwait en zwoare sjek
171;The Rolling Stones;Angie
170;BZN;Just an illusion
169;AC/DC;Whole lotta Rosie
168;Wat Aans!;Dik doun
167;Wia Buze & Klaas Spekken;Zunder die
166;Andr‚ Hazes;Bloed, zweet en tranen
165;ABBA;The winner takes it all
164;P‚ Daalemmer & Rooie Rinus;Zondagoavendblues
163;Rob de Nijs;Foto van vroeger
162;Led Zeppelin;Stairway to heaven
161;Ede Staal;De nacht
160;Wia Buze;Mien wad, mien stilte
159;The Cats;Lea
158;Erwin de Vries;Kapsalon Anita
157;ABBA;I have a dream
156;De Pompers;Grunneger laand
155;Pink Floyd;Wish you were here
154;P‚ Daalemmer & Rooie Rinus;Jelle (gaat lekker)
153;Wia Buze;Ik mag die aibels geern
152;Erwin de Vries;Grunneger wicht
151;Coldplay;Fix you
150;Ro-d-ys;Just fancy
149;Ede Staal;Termunterziel
148;Marlene Bakker;Hai hai
147;Creedence Clearwater Revival;Who'll stop the rain
146;P‚ Daalemmer & Rooie Rinus;Framenummer
145;Normaal;Deurdonderen
144;Steernvanger;Geef mie zun
143;Ede Staal;Ik heb t hier bekeken
142;Herman Brood;Saturday night
141;Rob de Nijs;Alles wat ademt
140;Andr‚ Hazes;Kleine jongen
139;Henk Wijngaard;Met de vlam in de pijp
138;Billy Joel;Piano man
137;Burdy Martin & Tjeerd;Ik ben een Noorderling
136;Wat Aans!;Woaromdatten!?
135;AC/DC;Highway to hell
134;Wia Buze;Beste mor weer
133;Deheleboel;Winschoterdaip
132;John Denver;Take me home country roads
131;Ede Staal;As t boeten st”rmt
130;Erwin de Vries;Oompie Jan
129;Guns n' Roses;November rain
128;Krzysztof Groen;Op riddel
127;Sijtse Scheeringa;Mien olle Puch
126;Bruce Springsteen;The river
125;Jan Smit & Marco Schuitmaker;Van Goes tot Purmerend
124;Metallica;Nothing else matters
123;Andr‚ Hazes;De vlieger
122;Dire Straits;Brothers in arms
121;Tiktok Tammo & Mooi Wark;De bietn blues
120;Bert Hadders & De Nozems;Poolse bruid
119;Wat Aans!;Sjomp
118;John Lennon;Imagine
117;Alex Vissering;Opa waist
116;Procol Harum;A whiter shade of pale
115;Ren‚ Beverwijk;Kilo of acht
114;Creedence Clearwater Revival;Bad moon rising
113;Harry Niehof;Altied onderwegens
112;Ede Staal;Life is more than a song
111;Leonard Cohen;Hallelujah
110;Jan Henk de Groot;Vuurtje kieken
109;Bert Hadders & De Nozems;Elvis, keuning van de Bunermond
108;P‚ Daalemmer & Rooie Rinus;Z-side
107;IsOokSchitterend!;Voltooid verleden tijd
106;Ede Staal;Help me through the night
105;Creedence Clearwater Revival;Have you ever seen the rain
104;Wat Aans!;Kloede
103;AC/DC;Thunderstruck
102;Ro-d-ys;Take her home
101;Ede Staal;Mien lutje laiverd
100;Jannes;Mijn naam is Jannes
99;Burdy;Ramona Ramona
98;Fleetwood Mac;Go your own way
97;Lucas & Gea Hulshof;Steeds weer huil je
96;Ede Staal;Wat moakt het oet
95;Marlene Bakker;Waarkhanden
94;P‚ Daalemmer & Rooie Rinus;Gr”nnens laid
93;P‚ Daalemmer & Rooie Rinus;Alcohol
92;Ede Staal;k Heb zeubranden, k heb koeskillen
91;ABBA;Dancing queen
90;Tiktok Tammo;Doe bist mien moat
89;Mooi Wark;Doodse stilte
88;Wat Aans!;Roelfina
87;Alex Vissering;Westerwold
86;The Cats;One way wind
85;Herman Bonthuis;Moeke k bin n dail van die
84;Rieks Schuring;As ik votgoa
83;Jan Henk de Groot;Kielsterachterweg
82;Arnold Veeman & The Yellowish Summer Evening;Mien lutje laif
81;Ede Staal;Geef mie dien blues
80;Deep Purple;Child in time
79;Lianne Abeln;Mien slichte laand
78;Steernvanger;Mooie dag
77;Normaal;Oerend hard
76;Deheleboel;Widde hoeske, leutje Ulsda
75;Claudia de Breij;Mag ik dan bij jou
74;Ede Staal;De hoaven van Delfziel
73;Deheleboel;Miss Scheemda
72;Simon & Garfunkel;The sound of silence
71;Voorheen De Bende & Pazzipanten;Bie de Lidl
70;Burdy;Sayonara
69;Simon & Garfunkel;Bridge over troubled water
68;Stef Bos;Papa
67;Erwin de Vries;Leef t leven
66;Dani‰l Lohues;Prachtig mooie dag
65;Wia Buze;Mag ik din bie die
64;Wim Sonneveld;Het dorp
63;Cuby & The Blizzards;Window of my eyes
62;Di-rect;Soldier on
61;Ede Staal;Veujoar in de kop
60;Wat Aans! & Burdy;Miljonair
59;De Bende van Baflo Bill;Dreents liedtie
58;Golden Earring;Radar love
57;Alex Vissering;Westerwolle
56;Harry Niehof;Rimpeling
55;Skik;Op fietse
54;Askay Brothers;Naargns beter as thoes
53;Meat Loaf;Paradise by the dashboard light
52;Ede Staal;Nij Stoatenziel
51;P‚ Daalemmer & Rooie Rinus;Baukelien
50;Voorheen De Bende & Pazzipanten;Doen in Oskerd
49;Jannes;Adio, amore, adio
48;Queen;Bohemian rhapsody
47;Ede Staal;Wie schenken ons nog ain in
46;Roon Staal;Help me through the night
45;Burdy;Welkom in de bus
44;Ede Staal;Vrouger
43;Eagles;Hotel California
42;Wat Aans!;Trilploat
41;Miss Montreal;Door de wind
40;Alex Vissering;Lutje wicht
39;Boudewijn de Groot;Avond
38;Wia Buze;Ik kom van Ziel
37;De Troebadoers;Riekdom
36;Dani‰l Lohues;Hier kom ik weg
35;Ede Staal;Het twijde perron
34;Yves Berendse;Terug in de tijd
33;Peter Maffay;Du
32;Ede Staal;Het zel weer veurjoar worden
31;Burdy;De vissers van Zoltkamp
30;Bert Hadders & De Nozems;Beloofde laand
29;Arno van der Heyden & Trio Put;De Vief
28;Helene Fischer;Atemlos durch die Nacht
27;Ede Staal;Genoat
26;Erwin de Vries;Doe
25;P‚ Daalemmer & Rooie Rinus;Carnaval in t Noorden
24;Ede Staal;Credo-mien bestoan
23;Jannes;Zwevend naar 't geluk
22;Ralf Poelman;Groningen (het gras van het Noorderplantsoen)
21;Alex Vissering;Mien machteg Wad
20;Ede Staal;Mien Grunningerlaand
19;Ede Staal;As vaaier woorden
18;Trap Aan!;Ien de keet
17;Jan Henk de Groot;Noar Stad
16;Ede Staal;Doar bluit mien eerappellaand
15;Ede Staal;Zalstoe aaltied bie mie blieven
14;Edwin Jongedijk;As ik de kaans zol kriegen
13;Danny Vera;Roller coaster
12;Burdy;Mit mien ogen dicht
11;Ede Staal;Het Hoogelaand
10;Erwin de Vries;Maffiosa
9;P‚ Daalemmer & Rooie Rinus;Hoornse plas
8;Jan Henk de Groot;Mamme van Michel
7;Ede Staal;Mien toentje
6;Marco Schuitmaker;Engelbewaarder
5;Wat Aans!;Wakker in Grunn
4;Deheleboel;De polder
3;Wia Buze;De roos
2;Alex Vissering;De groanrepubliek
1;Ede Staal;Het het nog nooit zo donker west
