positie;artiest;titel;;;;
1000;Dexy's Midnight Runners;Come on Eileen;;;;
999;Lucas & Gea Hulshof;Dan gaan de lichten aan;;;;
998;Kim Wilde;Cambodia;;;;
997;Dieptriest;Ain Pronkjewail;;;;
996;10 CC;I'm not in love;;;;
995;Dorus;Twee motten;;;;
994;Benny Neyman;Ik weet niet hoe;;;;
993;Les Poppys;Non non rien n'a chang;;;;
992;George Michael & Queen;Somebody to love;;;;
991;Dutch Boys;Geert mien Belgisch peerd;;;;
990;Boston;More than a feeling;;;;
989;Bert Hadders & De Nozems;Vanoavend blifst bie mie;;;;
988;BZN;My number one;;;;
987;Enya;Orinoco flow;;;;
986;Avicii;Hey brother;;;;
985;Boudewijn de Groot;Een meisje van zestien;;;;
984;Survivor;Eye of the tiger;;;;
983;Frans Halsema;Voor haar;;;;
982;Creedence Clearwater Revival;Long as I can see the light;;;;
981;Wat Aans! & Michael Hoppentocht;Proat toch Grunnegs met mie;;;;
980;Van Morrison;Have I told you lately;;;;
979;Tino Martin;Zij weet het;;;;
978;Wia Buze;Snoetjeknovveln;;;;
977;John Denver;Annie's song;;;;
976;Pink;What about us;;;;
975;De Troebadoers;Zulfkweekte tomoaten;;;;
974;Rod Stewart;Maggie May;;;;
973;Guus Meeuwis;Tranen gelachen;;;;
972;Mama's & Papa's;California dreamin';;;;
971;Jan Henk de Groot;Janneke;;;;
970;Lady GaGa;Always remember us this way;;;;
969;Ben Zuur & Henk Puister;Mien Damstertoren;;;;
968;Eagles;One of these nights;;;;
967;Kayak;Ruthless queen;;;;
966;The Beatles;Help;;;;
965;Marlene Bakker;Smilke;;;;
964;Percy Sledge;When a man loves a woman;;;;
963;Golden Earring;Weekend love;;;;
962;Frans Bauer;Bij ieder afscheid valt een traan;;;;
961;Bert Hadders;De band speult jippiejippiejee;;;;
960;Juliane Werding;Stimmen im Wind;;;;
959;De Dijk;Groot hart;;;;
958;Fleetwood Mac;Dreams;;;;
957;Trf;Loat mie heuren...;;;;
956;Elvis Presley;It's now or never;;;;
955;Coldplay;Paradise;;;;
954;Ger Warink;Veur die;;;;
953;Sting;Fragile;;;;
952;Boney M;Daddy cool;;;;
951;Dion Bouwes & Dennis Krottje;Wereld in mien kop;;;;
950;Vicky Leandros;Aprs toi;;;;
949;De Stroatklinkers;Der bennen veul mooie wichter in Grunnen;;;;
948;Billy Joel;Goodnight Saigon;;;;
947;Jazzpolitie;Liefdesliedjes;;;;
946;ABBA;Gimme! Gimme! Gimme!;;;;
945;De Troebadoers;Noa Zwolle wodt t rusteg;;;;
944;Kate Bush;Running up that hill;;;;
943;Alex Luttjeboer;Kerstfeest veur elk en ain;;;;
942;Plat;Zuurkool;;;;
941;R.E.M.;Losing my religion;;;;
940;Rob de Nijs;Zet een kaars voor je raam;;;;
939;De Erkende Verhuizers;De echo;;;;
938;Wham!;Wake me up (before you gogo);;;;
937;U2;Beautiful day;;;;
936;Arne Jansen & Les Cigales;Meisjes met rode haren;;;;
935;Venice;The family tree;;;;
934;Harm Tabak;Karma;;;;
933;Adele;Make you feel my love;;;;
932;The Beach Boys;God only knows;;;;
931;Golden Earring;Just a little bit of peace in my heart;;;;
930;Wia Buze;As t snijt in Termunten;;;;
929;Johnny Cash;A boy named Sue;;;;
928;Jrgen Marcus;Ein Festival der Liebe;;;;
927;Irene Wilkens & Sikkom Kult;Hol die vast;;;;
926;Harry Niehof;Grunnen beeft;;;;
925;The Rolling Stones;Ruby Tuesday;;;;
924;Will Stevens;Schreven in n boom;;;;
923;Dik Fabree;Kolle vouten;;;;
922;Queen;A kind of magic;;;;
921;Metejoor & Hannah Mae;Wat wil je van mij;;;;
920;Bert Hadders & De Nozems;Leste traain noar Knoal;;;;
919;Patrick Hernandez;Born to be alive;;;;
918;Andr Hazes;Eenzame Kerst;;;;
917;Alex Luttjeboer;Hupzeeln Hinderk;;;;
916;Amy Winehouse;Back to black;;;;
915;Talk Talk;Such a shame;;;;
914;Edwin Jongedijk;Oh Julia;;;;
913;Krezip;I would stay;;;;
912;Gert Sennema & Westkantstad;De zun komt op ien t Westerkwartier;;;;
911;Jimi Hendrix;Hey Joe;;;;
910;Eric Clapton;Wonderful tonight;;;;
909;Suzan & Freek;Honderd keer;;;;
908;Cliff Richard & The Shadows;Living doll;;;;
907;Lex Koopman;Genoadeloos;;;;
906;Dana Winner;Geef de kinderen de wereld;;;;
905;Spider Murphy Gang;Skandal im Sperrbezirk;;;;
904;Edwin Jongedijk & Irene Wilkens;Doe mist hier haildaal niks;;;;
903;Ultravox;Vienna;;;;
902;Bert Hadders;Alle Menschen werden Brder;;;;
901;U2;Pride;;;;
900;Jan Henk de Groot;Stap veur stap;;;;
899;Fleetwood Mac;Need your love so bad;;;;
898;The Beatles;Penny Lane;;;;
897;Erwin de Vries;Wie;;;;
896;ABBA;Does your mother know;;;;
895;Mart Hoogkamer;Ik ga zwemmen;;;;
894;Edwin Jongedijk;Haarfst in mien haart;;;;
893;De Dijk;Als het golft;;;;
892;Eagles;Take it easy;;;;
891;Het Sneeuwbaltrio;Ik heur de blues;;;;
890;Bonnie Tyler;Total eclipse of the heart;;;;
889;Solution;It's only just begun;;;;
888;Bl?f;Dansen aan zee;;;;
887;Bon Jovi;It's my life;;;;
886;Adele;Skyfall;;;;
885;Maaike Ouboter;Dat ik je mis;;;;
884;Zuver Scheerwol;Boeren on the move;;;;
883;Wings;Mull of Kintyre;;;;
882;Jannes;Ik kan met jou de hele wereld aan;;;;
881;Jan Henk de Groot;Janine;;;;
880;The Beach Boys;Good vibrations;;;;
879;Hans de Booy;Annabel;;;;
878;Swinder;Elke dag tot de naacht;;;;
877;Foreigner;I want to know what love is;;;;
876;Falco;Jeanny (part 1);;;;
875;Elvis Presley;Return to sender;;;;
874;Golden Earring;Going to the run;;;;
873;Edwin Jongedijk;k Wil ale baaident;;;;
872;Drukwerk;Schijn een lichtje op mij;;;;
871;Doe Maar;Sinds 1 dag of 2 (32 jaar);;;;
870;Cuby & The Blizzards;Another day, another road;;;;
869;Udo Jrgens;Griechischer Wein;;;;
868;CT Heida;Little woman;;;;
867;Bruce Springsteen;Badlands;;;;
866;Ben Cramer;De clown;;;;
865;USA for Africa;We are the world;;;;
864;Andrea Bocelli & Giorgia;Vivo per lei;;;;
863;Erwin & Deborah;Sterren in mijn nacht;;;;
862;George Michael;Careless whisper;;;;
861;Alex Vissering;t Zuudloardermeer;;;;
860;Creedence Clearwater Revival;Down on the corner;;;;
859;Het Goede Doel;Belgi (is er leven op Pluto...?);;;;
858;Bram Vermeulen;De steen;;;;
857;Wat Aans!;Kaalmer;;;;
856;V.O.F. de Kunst;Suzanne;;;;
855;UB40;Can't help falling in love with you;;;;
854;The Cranberries;Zombie;;;;
853;The Beatles;Blackbird;;;;
852;Ren Karst;Atje voor de sfeer;;;;
851;Queen;We are the champions;;;;
850;Roy Orbison;In dreams;;;;
849;Henk Wijngaard;Als 'n wals;;;;
848;Herbert Grnemeyer;Der Weg;;;;
847;Suzan & Freek;Onderweg naar later;;;;
846;Sijtse Scheeringa;Wat bin ik blied dat ik in Grunnen woon;;;;
845;Johnny Cash;A thing called love;;;;
844;Rob de Nijs;Jan Klaassen de trompetter;;;;
843;Ren Beverwijk;Buurvrouw;;;;
842;Reinhard Mey;Gute Nacht Freunde;;;;
841;Peter Koelewijn;Kom van dat dak af;;;;
840;Paul de Leeuw;Vlieg met me mee;;;;
839;Fleetwood Mac;Don't stop;;;;
838;Lou Reed;Perfect day;;;;
837;Johan Raspe;Siene Praai;;;;
836;Jan Henk de Groot;De wolf is trug;;;;
835;Gerard Schoonebeek;De lafaard van de stad;;;;
834;Coldplay feat. Avicii;A sky full of stars;;;;
833;Erwin de Vries;Woar doe van holdst;;;;
832;Henk Wijngaard;Beun de beunhaas;;;;
831;Elvis Presley;Are you lonesome tonight;;;;
830;Duncan Laurence;Arcade;;;;
829;Toto;Stop loving you;;;;
828;Drukwerk;Je loog tegen mij;;;;
827;De Stroatklinkers;Meneer van de belasten;;;;
826;De Dijk;Dansen op de vulkaan;;;;
825;Dire Straits;Ticket to heaven;;;;
824;Irene Wilkens & Suze;Ongeoorloofde gedachten;;;;
823;Clouseau;Daar gaat ze;;;;
822;Creedence Clearwater Revival;Suzie Q.;;;;
821;Ede Staal;Me and my truck Baby Jane;;;;
820;Racoon;Nickel for goodbye;;;;
819;Corry Konings;Mooi was die tijd;;;;
818;P Dalo & Rini Rosso;Italioanen;;;;
817;Nits;In the Dutch mountains;;;;
816;Queen;Radio ga ga;;;;
815;Erwin de Vries;Op zuik;;;;
814;The Beatles;All you need is love;;;;
813;Crosby, Stills, Nash & Young;Teach your children;;;;
812;Guus Meeuwis;Dat komt door jou;;;;
811;Bob Dylan;Like a rolling stone;;;;
810;Burdy;Heurs doe de wiend;;;;
809;ABBA;Super trouper;;;;
808;Michael Jackson;Beat it;;;;
807;Blue Diamonds;Ramona;;;;
806;Eddy Koekkoek;Grunnens laid;;;;
805;Alex Luttjeboer;Zunne op de kop;;;;
804;Suzan & Freek feat. Snelle;De overkant;;;;
803;BZN;If I say the words;;;;
802;Alex Vissering;Ik loop;;;;
801;Mooi Wark;Achter de tent;;;;
800;Meat Loaf;I'd do anything for love;;;;
799;Jim Reeves;He'll have to go;;;;
798;Erwin de Vries;Dit is Kerstmis;;;;
797;Adele;Someone like you;;;;
796;Voorheen De Bende & Pazzipanten;Grunneger bloarkop (boer kaist kou);;;;
795;Imca Marina;Viva Espana;;;;
794;Chris de Burgh;Lady in red;;;;
793;The Rolling Stones;Start me up;;;;
792;Corry & De Rekels;Huilen is voor jou te laat;;;;
791;Jan Henk de Groot;Wies mit die;;;;
790;Claude;Ladada (mon dernier mot);;;;
789;Dr. Hook & The Medicine Show;Sylvia's mother;;;;
788;Tineke Rouw;Daans om de navvel;;;;
787;Fries Wolma & Hennie Dolsma;Wie zingen t zulfde laid;;;;
786;ABBA;Take a chance on me;;;;
785;Bert Hadders & De Nozems;Volluk!;;;;
784;Burdy;Acropolis Adieu;;;;
783;The Cats;Why;;;;
782;Queen;Thank god it's Christmas;;;;
781;Erwin de Vries;Boer en ondernemer;;;;
780;R.E.M.;Everybody hurts;;;;
779;Johan & Henk;Het brandweerlied;;;;
778;Sting;Englishman in New York;;;;
777;Hister;Komt goud;;;;
776;Buddy Holly;Peggy Sue;;;;
775;De Troebadoers;Noar hoes;;;;
774;Nirvana;Come as you are;;;;
773;Whitney Houston;I will always love you;;;;
772;Alex Vissering;Dollard;;;;
771;Doe Maar;De bom;;;;
770;Dolly Parton;9 to 5;;;;
769;The Cats;Times were when;;;;
768;Normaal;Net as gisteren;;;;
767;Toto;Rosanna;;;;
766;Queen;These are the days of our lives;;;;
765;Harry Niehof;Caf op Driefklaai;;;;
764;Harry Styles;As it was;;;;
763;Led Zeppelin;Whole lotta love;;;;
762;Joost Nuissl;Ik ben blij dat ik je niet vergeten ben;;;;
761;Wia Buze;As zee bist doe;;;;
760;Joe Cocker;With a little help from my friends;;;;
759;Marlene Bakker & Noordpool Orkest;Wondern van mien stee;;;;
758;Herman van Veen;Anne;;;;
757;Neil Diamond;Song sung blue;;;;
756;Jetta Post & Maggelan Singers;Deur weer en wind mien stad;;;;
755;Coldplay;Christmas lights;;;;
754;Frans Halsema & Jenny Arean;Vluchten kan niet meer;;;;
753;Alje van Bolhuis;Jong van Bolhoes;;;;
752;Elvis Presley;Jailhouse rock;;;;
751;Demis Roussos;My friend the wind;;;;
750;Harm Tabak & The Flashbacks;Dichterbie;;;;
749;Bee Gees;How deep is your love;;;;
748;Lee Towers;You never walk alone;;;;
747;BZN;Rockin' the trolls;;;;
746;Smokie;Living next door to Alice;;;;
745;Jan Henk de Groot;Spiekerboor;;;;
744;ABBA;Knowing me, knowing you;;;;
743;De Dijk;Bloedend hart;;;;
742;The Rolling Stones;Gimme shelter;;;;
741;Kamahl;The elephant song;;;;
740;Bert Hadders & De Swinders;As zai mor altied bie mie blift;;;;
739;Mariah Carey;All I want for Christmas is you;;;;
738;Bl?f;Harder dan ik hebben kan;;;;
737;Henk Wijngaard;Meissie meissie;;;;
736;Joe Cocker;Unchain my heart;;;;
735;Robert Long;Kalverliefde;;;;
734;Marlene Bakker;Kloarwakker;;;;
733;Frans Bauer;Als sterren aan de hemel staan;;;;
732;Michael Jackson;Earth song;;;;
731;Janis Joplin;Me and Bobby McGee;;;;
730;Harry Niehof & Los Bomberos;Cuba blues;;;;
729;Guus Meeuwis & Vagant;Het is een nacht... (levensecht);;;;
728;De Bende van Baflo Bill;Koffie in de wind;;;;
727;Fleetwood Mac;Everywhere;;;;
726;De Tuutjefloiters;Veul zegen;;;;
725;Eagles;New kid in town;;;;
724;Benny Neyman;Vrijgezel;;;;
723;Herman van Veen;Suzanne;;;;
722;10 CC;Dreadlock holiday;;;;
721;The Righteous Brothers;Unchained melody;;;;
720;Alex Vissering;Het fait;;;;
719;Juliane Werding;Geh' nicht in die Stadt (heut' Nacht);;;;
718;Rob de Nijs;Zo zal het zijn;;;;
717;Elvis Presley;I just can't help believin';;;;
716;Jannie & Roelof Stalknecht;Laiverd kom weer bie mie;;;;
715;Elton John;Circle of life;;;;
714;Otis Redding;(Sittin' on) The dock of the bay;;;;
713;The Scene;Blauw;;;;
712;Marlene Bakker;Heufd as helm;;;;
711;Burdy;Hey FC Groningen;;;;
710;Band Aid;Do they know it's Christmas?;;;;
709;Suzan & Freek;Weg van jou;;;;
708;Leonard Cohen;Take this waltz;;;;
707;Henk Wijngaard;Ik moet nog wat jaren mee;;;;
706;Adele;Rolling in the deep;;;;
705;Wat Aans!;Woisjawel!;;;;
704;Peter Schaap;Vliegen als een vogel;;;;
703;Pearl Jam;Alive;;;;
702;P Daalemmer & Rooie Rinus;Jochem;;;;
701;Erwin de Vries;Bemui die;;;;
700;Alphaville;Forever young;;;;
699;Frank Sinatra;My way;;;;
698;Wia Buze;Dou mor gewoon;;;;
697;Nena & Kim Wilde;Anyplace, anywhere, anytime;;;;
696;Anton Smit;Tied;;;;
695;The Rolling Stones;Honky tonk women;;;;
694;Danil Lohues;A28;;;;
693;Evert Baptist;Hoor je het ruisen der golven;;;;
692;Bee Gees;Stayin' alive;;;;
691;Abel;Onderweg;;;;
690;B Schmaal;Regenpak;;;;
689;Shocking Blue;Venus;;;;
688;Marillion;Kayleigh;;;;
687;Henk Wijngaard;Ik heb 'n truck als m'n woning;;;;
686;Bee Gees;Massachusetts;;;;
685;Josien Bakker;Veld van korengold;;;;
684;Blondie;Denis;;;;
683;Johan & Henk;Geloof, hoop en liefde;;;;
682;The Cats;Be my day;;;;
681;Jan Henk de Groot;Weltrusten;;;;
680;Freddy Quinn;Junge komm bald wieder;;;;
679;Ike & Tina Turner;River deep mountain high;;;;
678;Lucas & Gea Hulshof;Als ik die wat vroag;;;;
677;Paul Simon;Graceland;;;;
676;Ennio Morricone;Once upon a time in the west;;;;
675;Erwin de Vries;Blief nou;;;;
674;Edith Piaf;Non je ne regrette rien;;;;
673;ABBA;Lay all your love on me;;;;
672;Eddy Koekkoek;Zalstoe altied bie mie blieven;;;;
671;Burdy;Goodbye Eloisa;;;;
670;Bl?f;Zo stil;;;;
669;Bruce Springsteen;Born to run;;;;
668;Adele;Hello;;;;
667;Wia Buze;Woar is de man?;;;;
666;Ren Beverwijk;Loat mor goan;;;;
665;Vayndog;Out of my sails;;;;
664;Simon & Garfunkel;Mrs. Robinson;;;;
663;Ren Becker;Als een komeet;;;;
662;Jan Henk de Groot;Evenwicht;;;;
661;Nick Schilder;Shatterproof;;;;
660;Wia Buze;n Endje fietsen;;;;
659;The Shadows;Apache;;;;
658;Tino Martin & Mart Hoogkamer;Hartslag van de stad;;;;
657;Queen;Killer queen;;;;
656;TikTok Tammo;Lente in Grunnen;;;;
655;The Beatles;Here comes the sun;;;;
654;Burdy;Rosalita, ik ben verliefd;;;;
653;B Schmaal;Loater;;;;
652;Kansas;Dust in the wind;;;;
651;Josh Groban;You raise me up;;;;
650;Johnny Cash;I walk the line;;;;
649;Gert Sennema & Westkantstad;Veur dij;;;;
648;Golden Earring;Back home;;;;
647;Dutch Boys;Boer Harms;;;;
646;De Dijk;Mag het licht uit;;;;
645;David Bowie;Space oddity;;;;
644;Daisz;Wat wil je echt;;;;
643;Bryan Adams;(Everything I do) I do it for you;;;;
642;Boudewijn de Groot;Land van Maas en Waal;;;;
641;Jan Henk de Groot;De drij van Woudbloem;;;;
640;Tina Turner;Private dancer;;;;
639;Andr van Duin;Een echte vriend;;;;
638;Bee Gees;Words;;;;
637;Acda en de Munnik;Niet of nooit geweest;;;;
636;Albert Secuur & Miranda Bolhuis;Boven wotter;;;;
635;Bon Jovi;Livin' on a prayer;;;;
634;P Daalemmer & Rooie Rinus;Worst;;;;
633;Krezip & Danny Vera;Make it a memory;;;;
632;Kensington;Uncharted;;;;
631;Splitsing;Wind en zeilen;;;;
630;Marlene Bakker;Loat Grunnen nait zakken;;;;
629;The Common Linnets;Calm after the storm;;;;
628;Mooi Wark;Idioot;;;;
627;Fox the Fox;Precious little diamond;;;;
626;Alex Vissering;As ik thoes kom;;;;
625;Jan Henk de Groot & Marlene Bakker;Noeit meer missen;;;;
624;Europe;The final countdown;;;;
623;Suzan & Freek;Blauwe dag;;;;
622;ABBA;One of us;;;;
621;Alma Loorbach;Polderkiend;;;;
620;Eagles;The last resort;;;;
619;Rita Hovink;Laat me alleen;;;;
618;Nick & Simon;Rosanne;;;;
617;Orchestral Manoeuvres in the Dark;Maid of Orleans;;;;
616;Voorheen De Bende & Pazzipanten;Drij cowboys;;;;
615;Rob de Nijs;Ritme van de regen;;;;
614;Golden Earring;Long blond animal;;;;
613;Jannes;Van Casablanca naar Napoli;;;;
612;Wia Buze;t Laifste;;;;
611;Racoon;Het is al laat toch;;;;
610;Phil Collins;In the air tonight;;;;
609;Marco Borsato;Dochters;;;;
608;P Daalemmer & Rooie Rinus;Gezina;;;;
607;Kate Bush;Wuthering heights;;;;
606;Henk Wijngaard;H Suzie;;;;
605;Bee Gees;Don't forget to remember;;;;
604;Erwin de Vries;Dicht tegen mie aan;;;;
603;Queen;Innuendo;;;;
602;Armand;Ben ik te min;;;;
601;George Baker Selection;Little green bag;;;;
600;Driefzand;Zunlicht;;;;
599;Eddy Koekkoek;Kerstmis in Groningen;;;;
598;Simon & Garfunkel;The boxer;;;;
597;Danil Lohues;Op 't platteland;;;;
596;Coldplay;Clocks;;;;
595;The Cats;Vaya con dios;;;;
594;Bl?f;Aan de kust;;;;
593;Acda en de Munnik;Het regent zonnestralen;;;;
592;Herman Brood;Never be clever;;;;
591;The Amazing Stroopwafels;Oude Maasweg;;;;
590;Michael Jackson;Billie Jean;;;;
589;Bert Hadders & De Nozems;Woar blift de zummer?;;;;
588;Meat Loaf;Bat out of hell;;;;
587;Dit Ist;Vrunden van vrouger;;;;
586;Harry Niehof;Pure laifde;;;;
585;BZN;Banjo man;;;;
584;Celine Dion;My heart will go on;;;;
583;Suzan & Freek;Goud;;;;
582;Mooi Wark;Van het platteland;;;;
581;Neil Young;Heart of gold;;;;
580;Bob Heidema;Rondje Grunnen;;;;
579;Stef Ekkel;De woonboot;;;;
578;The Rolling Stones;It's all over now;;;;
577;Rob de Nijs;Wat als later nu is;;;;
576;UB40;Kingston town;;;;
575;Ede Staal;Hear my song;;;;
574;Krzysztof Groen;Zotterdagmiddag loat;;;;
573;Electric Light Orchestra;Mr. Blue Sky;;;;
572;Normaal;Alie;;;;
571;Nick & Simon;Oostenwind;;;;
570;Burdy;Kiender van de eerde;;;;
569;Danny Vera;Pressure makes diamonds;;;;
568;Supertramp;School;;;;
567;Wia Buze;Doe heurst hier bie mie;;;;
566;ABBA;Fernando;;;;
565;P Daalemmer & Rooie Rinus;Afscheidslied (Loeks);;;;
564;Queen;We will rock you;;;;
563;Son Mieux;Multicolor;;;;
562;De Troebadoers;Kon t aaltied mor zo blieven;;;;
561;Sting;Fields of gold;;;;
560;Kiss;I was made for loving you;;;;
559;Marlene Bakker;Genog veur mie;;;;
558;Claudia de Breij & Waylon;Mis je zo graag;;;;
557;Guns n' Roses;Paradise city;;;;
556;Leon Moorman;Noar huus;;;;
555;Bob Marley & The Wailers;No woman no cry;;;;
554;Andr Hazes;Het is koud zonder jou;;;;
553;Erwin de Vries;Tussen Schanse en Stad;;;;
552;Jan Smit;Laura;;;;
551;David Bowie;Heroes;;;;
550;B Schmaal;Opa;;;;
549;Mud;Lonely this Christmas;;;;
548;3Js;Wiegelied;;;;
547;The Alan Parsons Project;Old and wise;;;;
546;Boudewijn de Groot;Verdronken vlinder;;;;
545;Simple Minds;Belfast child;;;;
544;VanDelden;Lekker miezulf;;;;
543;Queen;The show must go on;;;;
542;Elton John;Nikita;;;;
541;Erwin de Vries;De tocht van de noakende zunderling;;;;
540;Pink Floyd;Comfortably numb;;;;
539;The Kinks;Lola;;;;
538;Rob de Nijs;Malle Babbe;;;;
537;Alex Vissering;Hoeln as n wolf;;;;
536;Johnny Cash;Hurt;;;;
535;Bruce Springsteen;I'm on fire;;;;
534;Danil Lohues;Annelie;;;;
533;Neil Diamond;I am... I said;;;;
532;Burdy & Vrienden;Daar zijn we vrienden voor;;;;
531;Leonard Cohen;Suzanne;;;;
530;Queen;Don't stop me now;;;;
529;Snelle & Maan;Blijven slapen;;;;
528;De Tuutjefloiters;Twij recht en twij noadjes;;;;
527;The Rolling Stones;You can't always get what you want;;;;
526;Andr Hazes;Geef mij je angst;;;;
525;Wia Buze;Doe heurst bie mie;;;;
524;Status Quo;Down down;;;;
523;P Daalemmer & Rooie Rinus;Zo ain as doe;;;;
522;Gerry & The Pacemakers;You'll never walk alone;;;;
521;Jan Smit;Als de morgen is gekomen;;;;
520;Elvis Presley;Love me tender;;;;
519;The Dubliners;Whiskey in the jar;;;;
518;De Troebadoers;Niks aan de kop;;;;
517;Chris Rea;Driving home for Christmas;;;;
516;B Schmaal;Woorden zeggen nait alles;;;;
515;Ren Karst & Stef Ekkel;Liever te dik in de kist;;;;
514;Cuby & The Blizzards;Somebody will know someday;;;;
513;I.O.S.;Altied wel aine;;;;
512;Meau;Dat heb jij gedaan;;;;
511;Erwin de Vries;Ik ben de man;;;;
510;Jaap Reesema & Pommelien Thijs;Nu wij niet meer praten;;;;
509;Within Temptation;Ice queen;;;;
508;Marco Borsato;Afscheid nemen bestaat niet;;;;
507;Andr Rieu;The second waltz;;;;
506;U2;Where the streets have no name;;;;
505;De Tuutjefloiters;Harregat;;;;
504;Jannes;Meer dan 'n vriend;;;;
503;Alex Vissering;Hoaven van Delfziel;;;;
502;Pink Floyd;Shine on you crazy diamond;;;;
501;The Scene;Iedereen is van de wereld;;;;
500;Andr van Duin;Als de zon schijnt;;;;
499;Drafi Deutscher;Marmor, Stein und Eisen bricht;;;;
498;Dana Winner;Westenwind;;;;
497;Wat Aans!;Half stront, half reeg'nwotter;;;;
496;John Denver;Thank God I'm a country boy;;;;
495;Johan Raspe;Ik goa mien aigen weg;;;;
494;Status Quo;Rockin' all over the world;;;;
493;Rob de Nijs;Zonder jou;;;;
492;Slade;Merry Xmas everybody;;;;
491;Wia Buze;Tabee mien laiverd;;;;
490;Neil Diamond;Beautiful noise;;;;
489;Henk Wijngaard;De stoere jongens uut t Noorden;;;;
488;Guns n' Roses;Sweet child o'mine;;;;
487;Frank Boeijen Groep;Kronenburg park;;;;
486;The Cats;Scarlet ribbons;;;;
485;Edwin Jongedijk;Astoe hier noast mie ligst;;;;
484;Ede Staal;I'm in the blues;;;;
483;Tom Jones;Green green grass of home;;;;
482;Burdy;Kom zing en dans met mij;;;;
481;Pussycat;Mississippi;;;;
480;Jan Henk de Groot;Bonney;;;;
479;Bruce Springsteen;Born in the USA;;;;
478;Andr Hazes & Paul de Leeuw;Droomland;;;;
477;Boudewijn de Groot;Jimmy (hoe sterk is de eenzame fietser);;;;
476;Erwin de Vries;Veenkolonioal;;;;
475;Cuby & The Blizzards;Appleknockers Flophouse;;;;
474;Stef Bos;Is dit nu later;;;;
473;Sijtse Scheeringa;Bloumen mien laive schat;;;;
472;Bob Marley & The Wailers;Three Little Birds;;;;
471;Diggy Dex feat. JW Roy;Treur niet (ode aan het leven);;;;
470;Rod Stewart;Sailing;;;;
469;Hail Gewoon;Vrumde gast;;;;
468;Youp van 't Hek;Flappie;;;;
467;The Rolling Stones;Sympathy for the devil;;;;
466;Marlene Bakker;Golven;;;;
465;John Denver;Calypso;;;;
464;Swinder;Twijde Hans;;;;
463;Jasper Wever & Boy;Laat me nooit alleen;;;;
462;John Miles;Music;;;;
461;Boetenbaintjes;Muziek deur drp;;;;
460;Creedence Clearwater Revival;Proud Mary;;;;
459;Harry Niehof & Los Bomberos;Grunnen leeft;;;;
458;Jaap Reesema;Alles komt goed;;;;
457;Deheleboel;Mis die zo;;;;
456;Zangeres Zonder Naam;Mexico;;;;
455;Scorpions;Wind of change;;;;
454;Burdy;M'n vriend;;;;
453;Willie Nelson;Always on my mind;;;;
452;Andr Hazes Jr.;Leef;;;;
451;Deep Purple;Smoke on the water;;;;
450;Marlene Bakker;Astoe t zain haarst;;;;
449;Cat Stevens;Morning has broken;;;;
448;Nick & Simon;Pak maar m'n hand;;;;
447;Dire Straits;Money for nothing;;;;
446;Danil Lohues;Baat bij muziek;;;;
445;ABBA;Mamma mia;;;;
444;U2;I still haven't found what I'm looking for;;;;
443;Paul de Leeuw;'k Heb je lief;;;;
442;Irene Wilkens & Sikkom Kult;Nog ainmoal daanzen mit die;;;;
441;Normaal;Mama woar is mien pils;;;;
440;Harrie Poeste & Trio Put;Ain twai drai (t gait om de neukerai);;;;
439;Waylon & Jan Smit;Tussen jou en mij;;;;
438;Wia Buze;Blief bie mie tot de mrgen;;;;
437;The Cure;A forest;;;;
436;Maan & Goldband;Stiekem;;;;
435;B Schmaal & Krzysztof Groen;Mag t wel lieden zo;;;;
434;Guus Meeuwis;Brabant;;;;
433;BZN;The old Calahan;;;;
432;Andr Hazes;Zij gelooft in mij;;;;
431;Wat Aans!;Ik ben een G;;;;
430;Nazareth;Love hurts;;;;
429;Marlene Bakker;Nijjoar;;;;
428;Bruce Springsteen;Tougher than the rest;;;;
427;ABBA;Thank you for the music;;;;
426;Kraantje Pappie feat. Joshua Nolet;Liefde in de lucht;;;;
425;Marlene Bakker;Het Hoogelaand;;;;
424;Elvis Presley;Can't help falling in love;;;;
423;De Pompers;Trots van het Noorden;;;;
422;Sinad O'Connor;Nothing compares 2u;;;;
421;Anita Meyer;Why tell me why;;;;
420;UB40;Red red wine;;;;
419;Guns n' Roses;Knockin' on heaven's door;;;;
418;B Schmaal & Krzysztof Groen;Kom mor op;;;;
417;TikTok Tammo;Bietn feest;;;;
416;The Cats;Marian;;;;
415;Peter Fox;Haus am See;;;;
414;Danil Lohues;Aoardig doen tegen mensen die niet aordig doen;;;;
413;Nick & Simon;Kijk omhoog;;;;
412;Wia Buze;De dag woarop dien moeke staarft;;;;
411;Leonard Cohen;So long Marianne;;;;
410;Queen & David Bowie;Under pressure;;;;
409;Erwin de Vries;Dicht bie mie;;;;
408;De Dijk;Als ze er niet is;;;;
407;Dire Straits;Telegraph Road;;;;
406;P Daalemmer & Rooie Rinus;Gehaktbal mit rooie kool;;;;
405;Boudewijn de Groot;Als de rook om je hoofd is verdwenen;;;;
404;Andr Hazes;Zeg maar niets meer;;;;
403;Status Quo;Roll over lay down;;;;
402;Wat Aans!;Batterij;;;;
401;Lady GaGa & Bradley Cooper;Shallow;;;;
400;Peter Schaap;Adem mijn adem;;;;
399;The Doors;Riders on the storm;;;;
398;Erwin de Vries;Prachteg Grunnen;;;;
397;Marianne Rosenberg;Ich bin wie Du;;;;
396;ABBA;Eagle;;;;
395;Nick & Simon;De soldaat;;;;
394;Krzysztof Groen;Noar de volgende ronde;;;;
393;Bruce Springsteen;Streets of Philadelphia;;;;
392;Lucas & Gea Hulshof;De waarheid;;;;
391;Voorheen De Bende & Pazzipanten;Traainconducteur;;;;
390;AC/DC;Whole lotta Rosie;;;;
389;Normaal;De boer is troef;;;;
388;Jan Henk de Groot;101 Dalmatiners;;;;
387;Art Garfunkel;Bright eyes;;;;
386;P & Rinus;Consternoatie in de familie;;;;
385;Acda en de Munnik;Morgen wordt fantastisch;;;;
384;Bob Dylan;Blowin' in the wind;;;;
383;Twarres;Wr bisto;;;;
382;Wat Aans!;Metworst;;;;
381;Wia Buze & Klaas Spekken;Zunder die;;;;
380;Tina Turner & David Bowie;Tonight;;;;
379;Erwin de Vries;Zummer in Oost Grunnen;;;;
378;De Stroatklinkers;In Haarkstee staait gain kroug;;;;
377;Goldband;Noodgeval;;;;
376;Queen;Who wants to live forever;;;;
375;ABBA;The day before you came;;;;
374;P Daalemmer & Rooie Rinus;Lopster toren;;;;
373;Bruce Springsteen;Dancing in the dark;;;;
372;Bette Midler;The rose;;;;
371;Erwin de Vries & Davine;Mooie minsen;;;;
370;Dutch Boys;America en Oude Pekela;;;;
369;Van Halen;Jump;;;;
368;George Baker Selection;Paloma blanca;;;;
367;B Schmaal & Krzysztof Groen;Ik zing;;;;
366;U2;Sunday bloody sunday;;;;
365;Jannes;Laat de zon maar schijnen;;;;
364;Simone Kleinsma & Paul de Leeuw;Zonder jou;;;;
363;Deheleboel;Broodje shoarma;;;;
362;Suzan & Freek;Als het avond is;;;;
361;Vangelis;Conquest of paradise;;;;
360;Status Quo;Whatever you want;;;;
359;Jeroen Russchen;Zunnebril;;;;
358;Elvis Presley;My boy;;;;
357;Voorheen De Bende;Heracliden oet;;;;
356;Dire Straits;Private investigations;;;;
355;Henk Westbroek;Zelfs je naam is mooi;;;;
354;Stad;Wilma met de honden;;;;
353;Bruce Springsteen;My hometown;;;;
352;Lianne Abeln;Groningen, Grunnen mien stad;;;;
351;Henk Wijngaard;'n Sneeuwwitte bruidsjurk;;;;
350;Matthias Reim;Verdammt ich lieb' dich;;;;
349;Ed Sheeran;Perfect;;;;
348;Bryan Adams;Summer of '69;;;;
347;Jan Henk de Groot;Sapmeer;;;;
346;De Tuutjefloiters;Ik hol van mien laand;;;;
345;Piet Veerman;Sailin' home;;;;
344;Burdy;Kom kus mie;;;;
343;Coldplay;Viva la vida;;;;
342;ABBA;Happy new year;;;;
341;Golden Earring;Twilight zone;;;;
340;Dolly Parton;Jolene;;;;
339;Marlene Bakker;Doe waist beter;;;;
338;Hail Gewoon;Nana neusbeer;;;;
337;Davina Michelle;Duurt te lang;;;;
336;Pink Floyd;Another brick in the wall;;;;
335;Danil Lohues;Elk mens die hef zich 'n kruus te dragen;;;;
334;P Daalemmer & Rooie Rinus;Italianen;;;;
333;Simon & Garfunkel;El Condor pasa;;;;
332;ZZ Top;Gimme all your lovin';;;;
331;Ede Staal;Aans as aans;;;;
330;Wia Buze;Kop der veur;;;;
329;Bruce Springsteen;Glory days;;;;
328;Guus Meeuwis;Geef mij je angst;;;;
327;Steernvanger;Loat moar zitten die snei;;;;
326;Ike & Tina Turner;Proud Mary;;;;
325;De Kast;In nije dei;;;;
324;Jannes;Een beetje meer;;;;
323;Queen;Somebody to love;;;;
322;Wia Buze & Erwin de Vries;Ol Grait;;;;
321;Elvis Presley;Always on my mind;;;;
320;Tiktok Tammo;Geef mie dien blues (live);;;;
319;Creedence Clearwater Revival;Who'll stop the rain;;;;
318;ABBA;Waterloo;;;;
317;Arno van der Heyden;Schoapen;;;;
316;Ramses Shaffy;Zing vecht huil bid lach werk en bewonder;;;;
315;Klaas Spekken;Takken in de wind;;;;
314;Freddy Mercury & Montserrat Caball;Barcelona;;;;
313;Elton John;Candle in the wind;;;;
312;Alex Vissering;Haarfst in Westerwolde;;;;
311;Johan Raspe;Moi;;;;
310;Golden Earring;Another 45 miles;;;;
309;Henk Wijngaard & Bernardine Waterloo;Mijn Groningen;;;;
308;ABBA;Chiquitita;;;;
307;Boudewijn de Groot;Welterusten mijnheer de president;;;;
306;P Daalemmer & Rooie Rinus;De plattelandsvrouwen;;;;
305;Boney M;Rivers of Babylon;;;;
304;Ancora;Vrij als de wind;;;;
303;Wia Buze;Doe bist mien zunneschien;;;;
302;Kraantje Pappie;Feesttent;;;;
301;U2;With or without you;;;;
300;Erwin de Vries;Komt weer goud;;;;
299;Johnny Cash;Ring of fire;;;;
298;Jaap Reesema;Grijs;;;;
297;Alje van Bolhuis & Wia Buze;As ik denk an die;;;;
296;Eagles;Desperado;;;;
295;Disturbed;The sound of silence;;;;
294;Ramses Shaffy;Laat me;;;;
293;Wat Aans!;Carnaval in t Noorden;;;;
292;The Animals;House of the rising sun;;;;
291;Robert Long & Simone Kleinsma;Vanmorgen vloog ze nog;;;;
290;Metallica;One;;;;
289;BZN;Just an illusion;;;;
288;Kensington;Sorry;;;;
287;Diverse Groninger Artiesten;As vaaier woorden;;;;
286;Wia Buze;Blief nog even;;;;
285;Andrea Bocelli & Sarah Brightman;Time to say goodbye (con te partiro);;;;
284;Jan Henk de Groot;Opa kin alles;;;;
283;Ancora;Hoog in 't Noorden;;;;
282;Elvis Presley;Suspicious minds;;;;
281;Vicky Brown & New London Chorale;Stay with me 'till the morning;;;;
280;Vader Abraham;In 't kleine caf aan de haven;;;;
279;Creedence Clearwater Revival;I put a spell on you;;;;
278;Rob de Nijs;Het werd zomer;;;;
277;Wat Aans!;Home;;;;
276;Lucas & Gea Hulshof;Kristall der Heimat;;;;
275;De Troebadoers;In de nacht;;;;
274;The Rolling Stones;Angry;;;;
273;Evert Baptist;La la la gehaktbal;;;;
272;Racoon;Oceaan;;;;
271;Henk Wijngaard;Doe bist mien speklap, mien laiverd;;;;
270;The Beatles;Let it be;;;;
269;De Specials;FC Groningen, laat ons weer eens juichen!;;;;
268;Steernvanger;Alle beren aan de kaant;;;;
267;Jannes;Laat me vrij;;;;
266;Queen;I want to break free;;;;
265;Moody Blues;Nights in white satin;;;;
264;Het Sneeuwbaltrio;Ad, m'n kleine Paloma;;;;
263;Andr Hazes;Bloed, zweet en tranen;;;;
262;Wat Aans!;Mien poedie;;;;
261;Wia Buze & Jasper Wever;As ik denk aan die;;;;
260;BZN;Mon amour;;;;?
259;Marlene Bakker;Raif;;;;
258;The Rolling Stones;(I can't get no) Satisfaction;;;;
257;Edwin Jongedijk;Oadem mien oadem;;;;
256;Deheleboel;Op fietse deur Grunnen;;;;
255;Burdy;Kop dr veur;;;;
254;Prince & The Revolution;Purple rain;;;;
253;Frans Duijts;Jij denkt maar dat je alles mag van mij;;;;
252;Erwin de Vries;Mien laid;;;;
251;New Adventures;Come on;;;;
250;Steernvanger;15 joar;;;;
249;Rob de Nijs;Foto van vroeger;;;;
248;P Daalemmer & Rooie Rinus;Framenummer;;;;
247;Kenny Rogers & Dolly Parton;Islands in the stream;;;;
246;Driefzand;Ik blief lekker thoes;;;;
245;Wia Buze;Beste mor weer;;;;
244;Dire Straits;Sultans of swing;;;;
243;Skik;'t Giet zoas 't giet;;;;
242;Marlene Bakker;Oaventuren;;;;
241;Jan Henk de Groot;Dubbel cassettedeck;;;;
240;The Cats;Lea;;;;
239;Ede Staal;Grunnegers veur gevorderden;;;;
238;De Tuutjefloiters;In t fluustern van de wind;;;;
237;The Beatles;Hey Jude;;;;
236;Boudewijn de Groot;De vondeling van Ameland;;;;
235;B Schmaal;Ik liek zoveul op die;;;;
234;Stad;Knikkers;;;;
233;Fleetwood Mac;Go your own way;;;;
232;Erwin de Vries;Mis die;;;;
231;Ede Staal;When the waves are too high;;;;
230;Burdy;Ik hol van Grunnen;;;;
229;ABBA;I have a dream;;;;
228;Swinder;Noar Stad;;;;
227;Steernvanger;Het zel weer veurjoar worden;;;;
226;Wham!;Last Christmas;;;;
225;Jan Smit & Marco Schuitmaker;Van Goes tot Purmerend;;;;
224;Henk Wijngaard;Met de vlam in de pijp;;;;
223;The Rolling Stones;Paint it black;;;;
222;Edwin Jongedijk;Astoe aan mie denkst;;;;
221;Irene Wilkens & Edwin Jongedijk & Sikkom Kult;Zundagskind;;;;
220;Coldplay;Fix you;;;;
219;Floor Jansen & Henk Poort;Phantom of the opera;;;;
218;Andr Hazes;Kleine jongen;;;;
217;Creedence Clearwater Revival;Bad moon rising;;;;
216;Steernvanger;Vandoage komt;;;;
215;Erwin de Vries;Grunniger wicht;;;;
214;Nena;99 Luftballons;;;;
213;Ede Staal;Sloaperstil;;;;
212;Pink Floyd;Wish you were here;;;;
211;Ede Staal;Grunnegers veur begunners;;;;
210;Golden Earring;When the lady smiles;;;;
209;B Schmaal;Zwait en zwoare sjek;;;;
208;Kraantje Pappie;Lil Craney;;;;
207;Steernvanger;Al groot;;;;
206;Bon Jovi;Bed of roses;;;;
205;Rob de Nijs;Banger hart;;;;
204;Wat Aans!;Uut Grunn;;;;
203;Erwin de Vries;Ooit;;;;
202;Tina Turner;The best;;;;
201;Steernvanger;Allain;;;;
200;Deep Purple;Child in time;;;;?
199;Boudewijn de Groot;Testament;;;;
198;AC/DC;Highway to hell;;;;
197;Marlene Bakker;Zolaank;;;;
196;Klein Orkest;Over de muur;;;;
195;Eric Clapton;Tears in heaven;;;;
194;Burdy;Bring mie thoes Waddenzee;;;;
193;Benny Neyman;Waarom fluister ik je naam nog;;;;
192;Steernvanger;La la laifde;;;;
191;John Denver;Take me home country roads;;;;
190;Jannes;Ga dan;;;;
189;Edwin Jongedijk;Mien drp;;;;
188;De Troebadoers;Oma Siepelsju;;;;
187;The Beatles;Yesterday;;;;
186;The Javelins & P en Rinus;Weerom noar de sixties;;;;
185;Ro-d-ys;Just fancy;;;;
184;Metallica;Nothing else matters;;;;
183;Wia Buze;Grunnens laid;;;;
182;Steernvanger;Steernvanger;;;;
181;The Rolling Stones;Angie;;;;
180;Rob de Nijs;Alles wat ademt;;;;
179;Martijn van der Zande;Kade van Nes;;;;
178;Jannes;Huilen doe ik wel alleen;;;;
177;Mooi Wark;In de blote kont;;;;
176;Elvis Presley;In the ghetto;;;;
175;Olaf Vos;Aaierbaal;;;;
174;Wia Buze;Lydia;;;;
173;TikTok Tammo;Free the bietn;;;;
172;Rammstein;Engel;;;;
171;Lucas & Gea Hulshof;Ik zal dansen op je bruiloft;;;;
170;Robbie Williams;Angels;;;;
169;Harry Niehof;Altied onderwegens;;;;
168;Ede Staal;Zo mouvve t holn;;;;
167;Toto;Africa;;;;
166;Johan Raspe;Sapmeer is aans;;;;
165;Jannes;Ga maar weg;;;;
164;Creedence Clearwater Revival;Have you ever seen the rain;;;;
163;De Wuko's;De ijsbeer van het Noorden;;;;
162;Wat Aans! feat. Wia Buze;Grunnegs hoop;;;;
161;ABBA;The winner takes it all;;;;
160;Ren Beverwijk;Kilo of acht;;;;
159;AC/DC;Thunderstruck;;;;
158;Marlene Bakker;As t boeten strmt;;;;
157;Deheleboel;Winkeln in Winschoten;;;;
156;Herman Brood;Saturday night;;;;
155;Wat Aans!;Dik doun;;;;
154;Van Dik Hout;Stil in mij;;;;
153;Queen;Love of my life;;;;
152;P Daalemmer & Rooie Rinus;Zondagoavendblues;;;;
151;Mooi Wark;Warkende helden;;;;
150;Edwin Jongedijk & Wia Buze & Haydn Jeugd Strijkork;Het het nog nooit zo donker west;;;;
149;Wia Buze;Ik mag die aibels geern;;;;
148;Erwin de Vries;Oompie Jan;;;;
147;Dire Straits;Walk of life;;;;
146;Deheleboel;Winschoterdaip;;;;
145;Bruce Springsteen;The river;;;;
144;Liesbeth List & Ramses Shaffy;Pastorale;;;;
143;Klaas Spekken;Laand woar ik bin geboren;;;;
142;Ede Staal;De nacht;;;;
141;Burdy;De hypnotiseur;;;;
140;Arnold Veeman & Noordpool Orkest;Mien Grunneger Stad;;;;
139;Guns n' Roses;November rain;;;;
138;P Daalemmer & Rooie Rinus;Schiermonnikoog;;;;
137;Edwin Jongedijk & Marlene Bakker;Ofschaaid;;;;
136;Josien Bakker;Ritme;;;;
135;Erwin de Vries;Kapsalon Anita;;;;
134;Tiktok Tammo & Mooi Wark;De bietn blues;;;;
133;P Daalemmer & Rooie Rinus;Hee doe (live);;;;
132;Hail Gewoon;Soep, vlees en pudding;;;;
131;Swinder;Ik zai Pekel nooit weer;;;;
130;De Pompers;Grunneger laand;;;;
129;Bl?f feat. Geike Arnaert;Zoutelande;;;;
128;The Cats;One way wind;;;;
127;P Daalemmer & Rooie Rinus;Jelle (gaat lekker);;;;
126;Leonard Cohen;Hallelujah;;;;
125;Bert Hadders & De Nozems;Poolse bruid;;;;
124;Ede Staal;Ik heb t hier bekeken;;;;
123;Dire Straits;Brothers in arms;;;;
122;Billy Joel;Piano man;;;;
121;Ede Staal;k Heb zeubranden, k heb koeskillen;;;;
120;Andr Hazes;De vlieger;;;;
119;Wia Buze;Mien wad, mien stilte;;;;
118;Deheleboel;Widde hoeske, leutje Ulsda;;;;
117;Burdy;Ramona Ramona;;;;
116;Alex Vissering;Opa waist;;;;
115;Procol Harum;A whiter shade of pale;;;;
114;P Daalemmer & Rooie Rinus;Alcohol;;;;
113;Normaal;Deurdonderen;;;;
112;Krzysztof Groen;Op riddel;;;;
111;ABBA;Dancing queen;;;;
110;Josien Bakker;Mien Westerwolde;;;;
109;Led Zeppelin;Stairway to heaven;;;;
108;Ede Staal;Wat moakt het oet;;;;
107;Bert Hadders & De Nozems;Elvis, keuning van de Bunermond;;;;
106;Marlene Bakker;Hai hai;;;;
105;Di-rect;Soldier on;;;;
104;Neil Diamond;Sweet Caroline;;;;
103;Ede Staal;Life is more than a song;;;;
102;Sijtse Scheeringa;Mien olle Puch;;;;
101;Ro-d-ys;Take her home;;;;
100;Alex Vissering;Westerwolle;;;;
99;Burdy Martin & Tjeerd;Ik ben een Noorderling;;;;
98;Wat Aans!;Sjomp;;;;
97;P Daalemmer & Rooie Rinus;Z-side;;;;
96;John Lennon;Imagine;;;;
95;Mooi Wark;Doodse stilte;;;;
94;Erwin de Vries;Tik tok dans mit mie;;;;
93;Ede Staal;Geef mie dien blues;;;;
92;Ede Staal;As t boeten strmt;;;;
91;Jan Henk de Groot;Kielsterachterweg;;;;
90;IsOokSchitterend!;Voltooid verleden tijd;;;;
89;Jan Henk de Groot;Vuurtje kieken;;;;
88;Ede Staal;Termunterziel;;;;
87;Jannes;Mijn naam is Jannes;;;;
86;Deheleboel;Miss Scheemda;;;;
85;Simon & Garfunkel;Bridge over troubled water;;;;
84;Jan Henk de Groot;Stiltecoupe;;;;
83;Danil Lohues;Prachtig mooie dag;;;;
82;Rieks Schuring;As ik votgoa;;;;
81;P Daalemmer & Rooie Rinus;Grnnens laid;;;;
80;Lucas & Gea Hulshof;Steeds weer huil je;;;;
79;Marlene Bakker;Waarkhanden;;;;
78;Normaal;Oerend hard;;;;
77;Harry Niehof;Rimpeling;;;;
76;Ede Staal;Help me through the night;;;;
75;Simon & Garfunkel;The sound of silence;;;;
74;De Bende van Baflo Bill;Dreents liedtie;;;;
73;Wat Aans!;Roelfina;;;;
72;Lianne Abeln;Mien slichte laand;;;;
71;Ede Staal;De hoaven van Delfziel;;;;
70;Alex Vissering;Westerwold;;;;
69;Steernvanger;Mooie dag;;;;
68;Jannes;Adio, amore, adio;;;;
67;Herman Bonthuis;Moeke k bin n dail van die;;;;
66;Cuby & The Blizzards;Window of my eyes;;;;
65;Wat Aans!;Woaromdatten!?;;;;
64;Ede Staal;Mien lutje laiverd;;;;
63;P Daalemmer & Rooie Rinus;Baukelien;;;;
62;Burdy;Sayonara;;;;
61;Golden Earring;Radar love;;;;
60;Askay Brothers;Naargns beter as thoes;;;;
59;Wim Sonneveld;Het dorp;;;;
58;Ede Staal;Nij Stoatenziel;;;;
57;Meat Loaf;Paradise by the dashboard light;;;;
56;Stef Bos;Papa;;;;
55;Danil Lohues;Hier kom ik weg;;;;
54;Erwin de Vries;Leef t leven;;;;
53;Ede Staal;Veujoar in de kop;;;;
52;Claudia de Breij;Mag ik dan bij jou;;;;
51;Ede Staal;Het zel weer veurjoar worden;;;;
50;Wia Buze;Mag ik din bie die;;;;
49;Peter Maffay;Du;;;;
48;Arnold Veeman & The Yellowish Summer Evening;Mien lutje laif;;;;
47;Voorheen De Bende & Pazzipanten;Bie de Lidl;;;;
46;Alex Vissering;Lutje wicht;;;;
45;Skik;Op fietse;;;;
44;Boudewijn de Groot;Avond;;;;
43;Queen;Bohemian rhapsody;;;;
42;Roon Staal;Help me through the night;;;;
41;Ede Staal;Wie schenken ons nog ain in;;;;
40;P Daalemmer & Rooie Rinus;Carnaval in t Noorden;;;;
39;Eagles;Hotel California;;;;
38;Ede Staal;Vrouger;;;;
37;Voorheen De Bende & Pazzipanten;Doen in Oskerd;;;;
36;Helene Fischer;Atemlos durch die Nacht;;;;
35;Bert Hadders & De Nozems;Beloofde laand;;;;
34;De Troebadoers;Riekdom;;;;
33;Erwin de Vries;Doe;;;;
32;Wat Aans! & Burdy;Miljonair;;;;
31;Ede Staal;Het twijde perron;;;;
30;Jannes;Zwevend naar 't geluk;;;;
29;Ede Staal;Credo-mien bestoan;;;;
28;Wia Buze;Ik kom van Ziel;;;;
27;Alex Vissering;Mien machteg Wad;;;;
26;Ede Staal;Genoat;;;;
25;Jan Henk de Groot;Noar Stad;;;;
24;Burdy;De vissers van Zoltkamp;;;;
23;Ede Staal;As vaaier woorden;;;;
22;Miss Montreal;Door de wind;;;;
21;Wat Aans!;Trilploat;;;;
20;Ede Staal;Zalstoe aaltied bie mie blieven;;;;
19;Ede Staal;Doar bluit mien eerappellaand;;;;
18;Danny Vera;Roller coaster;;;;
17;Ralf Poelman;Groningen (het gras van het Noorderplantsoen);;;;
16;Burdy;Welkom in de bus;;;;
15;Ede Staal;Mien Grunningerlaand;;;;
14;Arno van der Heyden & Trio Put;De Vief;;;;
13;Edwin Jongedijk;As ik de kaans zol kriegen;;;;
12;Burdy;Mit mien ogen dicht;;;;
11;P Daalemmer & Rooie Rinus;Hoornse plas;;;;
10;Erwin de Vries;Maffiosa;;;;
9;Ede Staal;Het Hoogelaand;;;;
8;Jan Henk de Groot;Mamme van Michel;;;;
7;Ede Staal;Mien toentje;;;;
6;Deheleboel;De polder;;;;
5;Marco Schuitemaker;Engelbewaarder;;;;
4;Alex Vissering;De groanrepubliek;;;;
3;Wia Buze;De roos;;;;
2;Wat Aans!;Wakker in Grunn;;;;
1;Ede Staal;Het het nog nooit zo donker west;;;;
